"pitcher","pitcher_name","pitch_hand","n_pitches","team_id","ball_angle","relative_release_ball_x","release_ball_z","relative_shoulder_x","shoulder_z"
669276,"Lee, Dylan","L",859,144,"45.4",1.5367765156803619,6.458684517,-0.07621254298099818,4.824627258305159
606965,"Devenski, Chris","R",533,139,"43.5",-1.5577096678437232,6.418499062,0.1103530428442911,4.837443185078908
681870,"Sabrowski, Erik","L",198,114,"51.9",1.1470703183136362,6.03959596,-0.3285644821656851,4.158556796575378
676755,"Mattson, Isaac","R",100,134,"49.1",-1.656666785358313,6.0113,-0.1508158110516934,4.275233202317293
676974,"Meyer, Max","R",967,146,"46.1",-1.3876347664136024,5.815460186,0.2295478346946563,4.133461240177185
542882,"Andriese, Matt","R",88,146,"43.1",-2.160873243828687,5.717272727,-0.41426879456327975,4.080427407429914
671106,"Allen, Logan","L",1664,114,"44.6",1.3326085279269173,5.376129808,-0.22884412461007128,3.835641286539748
657508,"Baumann, Mike","R",1066,9999,"48.7",-1.3804663682122664,6.096219512,0.1366732599418756,4.364813904997441
663989,"Vespi, Nick","L",169,110,"48.9",1.3796658366907861,6.435207101,-0.16166049531162655,4.670779669651613
594798,"deGrom, Jacob","R",172,140,"34.0",-2.0370429192715074,5.612790698,-0.03863537754425238,4.26114511306637
607481,"Bummer, Aaron","L",974,144,"7.3",2.626924781798177,5.131211499,0.3030683772743743,4.834755175288337
676961,"Boushley, Caleb","R",63,142,"45.1",-1.8250049878911212,6.045555556,-0.1738373298814475,4.390311136575842
489446,"Yates, Kirby","R",1025,140,"21.5",-2.292095001732525,5.262741463,-0.3500245458023562,4.496734601278205
669923,"Kirby, George","R",2967,136,"36.6",-1.7961652693752266,5.866788001,0.14812834299697175,4.420407643736486
600986,"Vieira, Thyago","R",737,9999,"46.8",-1.5493343949821994,6.055658073,0.0596791719574224,4.335625238779362
677944,"Cecconi, Slade","R",1290,109,"37.3",-1.7699119812464654,5.64627907,0.05902901698240958,4.2537874723984
456501,"Cueto, Johnny","R",167,108,"32.6",-2.206427810859147,5.451137725,-0.22154574594127258,4.181854521972094
665896,"Marte, José","R",311,108,"28.5",-2.165895326156114,5.539807074,-0.047013230278957534,4.386541897220743
643361,"Herget, Kevin","R",151,158,"51.3",-0.9782878447666445,6.09192053,0.38607554626907975,4.3892889441749
683409,"Chivilli, Angel","R",512,115,"40.1",-1.8766153918616533,5.9246875,0.011381468116365872,4.337154567213958
657240,"Merryweather, Julian","R",272,112,"55.2",-1.1397482245816906,6.162169118,0.29411867987836876,4.097233871697076
663542,"Hudson, Bryan","L",927,158,"13.3",2.9063466507414915,5.020248112,0.4375298548015852,4.434065435143367
519043,"Moore, Matt","L",854,108,"43.8",1.6777616656731744,6.376229508,-0.0799099309321344,4.687556897811286
605154,"Brebbia, John","R",994,9999,"40.7",-1.6253161384963775,5.874637827,0.05201702299357641,4.431563261386496
506433,"Darvish, Yu","R",1189,135,"39.9",-1.7470111559752832,5.602607233,-0.15646071550112503,4.275107778072618
702795,"Loutos, Ryan","R",35,138,"33.5",-2.294795290017139,6.000571429,-0.21302910109498344,4.619931532976827
592773,"Stanek, Ryne","R",977,9999,"45.6",-1.3805041722931999,6.297430911,0.3163735648069594,4.565274209309663
664123,"Effross, Scott","R",55,147,"-2.9",-3.1675839351204154,3.825818182,-0.8628791216982661,3.9427593761140813
650633,"King, Michael","R",2818,135,"29.3",-2.145029406175083,5.498811214,-0.18807217948280044,4.400131767514403
682243,"Miller, Bryce","R",2749,136,"43.0",-1.5842593208678204,5.567930156,0.166101783147202,3.9310862940923625
622098,"Smith, Drew","R",318,121,"41.2",-1.8278487507333934,5.670345912,-0.1474730983531205,4.199654095337395
670950,"Richards, Trevor","R",1180,9999,"52.3",-1.135537841960952,6.27959322,0.3317453837729239,4.384528123508271
664875,"Lawrence, Justin","R",1080,115,"-2.2",-3.2595490130901057,4.357648148,-0.8318851390539368,4.451531696540574
681867,"Criswell, Cooper","R",1755,111,"12.4",-2.797251150315209,4.977219373,-0.3993439603678819,4.450454474711928
669461,"Liberatore, Matthew","L",1356,138,"45.2",1.603331989902914,6.441681416,-0.0355255660456728,4.789524688451414
596295,"Gomber, Austin","L",2542,115,"53.1",1.0217325748837662,6.530601888,-0.39571394995449044,4.643378077741348
592836,"Walker, Taijuan","R",1355,143,"40.6",-1.9011491161973781,6.453365314,-0.10949153297682705,4.917818532338809
665871,"Assad, Javier","R",2538,112,"54.8",-1.0466034696142854,6.000078802,0.2229743061262044,4.200827705121025
647315,"Pop, Zach","R",735,141,"29.6",-2.4354857185322074,5.425918367,-0.3345036385463277,4.228111163374447
641360,"Bickford, Phil","R",154,147,"25.0",-2.309831375941735,4.921623377,-0.2189301600805611,3.9493642538833718
657514,"Bernardino, Brennan","L",858,111,"18.4",2.355433403249041,4.981561772,0.2368352081074006,4.278168198334645
518876,"Kelly, Merrill","R",1142,109,"25.3",-2.2371254147310187,5.484684764,-0.24530054123703296,4.540673060599823
642528,"Loáisiga, Jonathan","R",61,147,"42.3",-1.6608867356119115,5.42557377,-0.010415738873790948,3.9226206218403905
680704,"Sandlin, Nick","R",1003,114,"11.8",-2.4905150360234134,4.490189432,-0.47274894452116023,4.068595092085599
693433,"Woo, Bryan","R",1715,136,"26.8",-2.2155939948002943,5.045364431,-0.26240129838948595,4.056588193459199
622663,"Severino, Luis","R",2888,121,"41.1",-1.5554512666709044,5.910803324,0.07422070399489421,4.49110518072817
641745,"Keller, Brad","R",743,9999,"49.4",-1.2957611814269197,6.359286676,0.2259826691425377,4.583688704797963
621051,"Wilson, Steven","R",623,145,"43.4",-1.8294516883074332,5.617383628,-0.21120822854167223,4.090308232547362
643256,"Cimber, Adam","R",416,108,"-22.9",-3.4310335485341366,2.401370192,-1.3454201288907168,3.282383553578773
682989,"Mederos, Victor","R",107,108,"36.9",-1.954743590506327,5.694018692,-0.18166672330784478,4.360516595865195
686790,"McDonald, Trevor","R",39,137,"32.0",-2.3563924747961074,5.105128205,-0.3241714749302984,3.831975119978061
656557,"Houck, Tanner","R",2732,111,"22.1",-2.527372265312877,5.603539531,-0.23545156111759208,4.670585774331031
641149,"Parsons, Wes","R",148,9999,"37.4",-2.1210991888112085,5.679594595,-0.27210873801609103,4.267866949703714
683618,"Henriquez, Edgardo","R",59,119,"49.1",-1.2539285147563572,6.056610169,0.30501845977219855,4.256131369527779
814005,"Bloss, Jake","R",238,117,"46.2",-1.3516631435009412,5.742563025,0.1517336550128073,4.178192262840964
675921,"Howard, Spencer","R",537,9999,"41.8",-1.8483792526900786,6.097783985,-0.11958400302731552,4.552456484496626
676775,"Winn, Keaton","R",832,137,"40.0",-1.9319085968335756,6.229134615,-0.024362246867715594,4.632171989729029
519008,"McFarland, T.J.","L",836,133,"13.8",2.9556010128147876,5.351076555,0.6479242992477547,4.782457321064567
658648,"Avila, Pedro","R",1419,9999,"45.0",-1.6812338141272152,5.781057082,-0.016615217465037156,4.111801814815229
675911,"Strider, Spencer","R",178,144,"45.9",-1.5766940855553297,5.923483146,-0.09869521921128002,4.400310084820442
547179,"Lorenzen, Michael","R",2091,9999,"42.5",-1.6916731526971749,5.7847011,0.025535348931973102,4.20724191441804
571657,"Farmer, Kyle","R",1,142,"52.2",-1.7147881031965544,7.21,-0.38474117647058825,5.493885294117646
607067,"Rea, Colin","R",2650,158,"34.5",-1.9164222712561945,5.576962264,-0.08772867638650654,4.319599294790296
661563,"Gil, Luis","R",2664,147,"35.8",-2.0423615989939545,5.667837838,-0.061172541692762296,4.23803399064171
686294,"Willingham, Amos","R",20,120,"46.4",-1.5911773419479092,5.8335,0.046703226381461654,4.11131228163993
668674,"Erceg, Lucas","R",947,9999,"42.6",-1.5977998342949937,6.013146779,0.11679148281372641,4.437115032366022
641401,"Brogdon, Connor","R",97,9999,"33.3",-1.9813828164758032,6.016082474,-0.022343143686715545,4.727519742911224
674285,"Salazar, Eduardo","R",494,9999,"33.5",-1.9564880053060496,5.502773279,-0.06676555312592466,4.251397415510184
666201,"Manoah, Alek","R",394,141,"39.4",-2.2516050100930762,5.826954315,-0.28997277500294055,4.214673557461747
666745,"Brito, Jhony","R",617,135,"54.6",-0.9533989283894327,6.149448947,0.4976962419504417,4.102450325593624
672578,"Hernández, Carlos","R",560,118,"39.3",-1.7645546630389586,5.988553571,0.1774400566590272,4.398507892634333
671737,"Bradley, Taj","R",2294,139,"54.4",-1.2984871226094754,6.105797733,0.01333809317338731,4.275271618979684
656427,"Flaherty, Jack","R",2569,9999,"28.5",-1.9454571923441066,5.381514208,0.020469636222088534,4.313622697506052
664076,"Cleavinger, Garrett","L",1040,139,"35.0",2.0938403542104838,5.287298077,0.24200739227684073,3.991983443456057
642216,"Winans, Allan","R",138,144,"31.5",-2.0228733853166534,5.845362319,-0.03417379872897778,4.627806707742388
663978,"Paddack, Chris","R",1459,142,"45.9",-1.627627598994588,6.174694997,0.07140337953986504,4.4224234203707
571927,"Matz, Steven","L",754,138,"36.3",1.9461015600636133,5.69704244,0.06281349215355304,4.310084867634055
702352,"Bivens, Spencer","R",768,137,"31.9",-2.267581422291886,5.971054688,-0.29907372762552004,4.746984802993169
600917,"Leclerc, José","R",1204,140,"40.4",-1.5308313248757928,5.879393688,0.21652526175375014,4.389771065550954
678606,"Ferrer, Jose A.","L",476,120,"35.4",2.1547604533379836,5.911176471,0.2873327996974192,4.5820790985110555
642239,"Zastryzny, Rob","L",119,158,"41.6",2.052749224777798,5.652773109,0.39392911367755673,4.182586452013963
674072,"Henry, Tommy","L",706,109,"42.6",1.7343022364358323,5.773144476,-0.05249212845838826,4.1302232794534275
543351,"Jackson, Jay","R",453,142,"32.0",-1.9503656938404959,5.709028698,0.049134959647113945,4.460236075794953
680736,"Wrobleski, Justin","L",592,119,"41.0",1.5595981423759777,5.694408784,-0.052500333020185974,4.292423609053575
676879,"Ashby, Aaron","L",484,158,"47.4",1.3162831370273136,6.504752066,-0.35357076133233184,4.685911463627525
680689,"Richardson, Lyon","R",26,113,"31.9",-2.0959687165544834,5.568461538,-0.2115470656794186,4.397817763608939
681190,"Vásquez, Randy","R",1687,135,"36.7",-1.8452312919236826,5.946455246,0.03147377190785792,4.545042939718326
656288,"Canning, Griffin","R",2869,108,"45.2",-1.5130338159624608,5.900013942,0.04596217949076391,4.331306661814259
650671,"Quijada, José","L",379,108,"36.2",2.123676408593359,5.439076517,0.24990386371867074,4.067119459690806
608648,"Duffey, Tyler","R",189,118,"24.9",-2.3707959494214683,5.684708995,-0.2273057592734064,4.692201069047149
685116,"Kitchen, Austin","L",158,146,"28.8",2.1795309776099816,5.58,0.26413313533698873,4.527048312800381
607192,"Glasnow, Tyler","R",1934,119,"57.8",-1.1237964225640709,6.054400207,0.17398128987422745,3.9849101560959035
684007,"Imanaga, Shota","L",2590,112,"39.6",1.862092455621675,5.426718147,0.16718687836805485,4.027508508042038
664350,"Sánchez, Sixto","R",621,146,"33.7",-2.148268292360377,5.755813205,-0.25088793834910633,4.489475356290957
689266,"Dodd, Dylan","L",34,144,"45.5",1.662660601298798,6.019411765,-0.02704274929223025,4.29980452186222
657746,"Ryan, Joe","R",2106,142,"25.6",-1.9662328413714936,4.771614435,0.07963416556210665,3.788171527703718
621242,"Díaz, Edwin","R",912,121,"20.4",-2.727227196541154,4.920405702,-0.7089799717374982,4.168061341745629
624431,"Trevino, Jose","R",14,147,"44.2",-1.73661843563092,6.540714286,-0.25276991341991345,5.0967880825057295
666720,"Rodríguez, Yerry","R",438,9999,"27.5",-2.2193265065413756,5.67196347,-0.24379623552202118,4.642343981922369
806185,"Birdsong, Hayden","R",1388,137,"41.5",-1.590663176699503,6.343832853,0.17110463939702167,4.787208131899598
687014,"Avila, Nick","R",225,137,"53.7",-0.9375348394489629,6.119688889,0.471086676569618,4.204498033670033
608379,"Wacha, Michael","R",2602,118,"51.5",-1.2611875324712434,6.520857033,0.16390851792327582,4.727319871112443
683568,"Iriarte, Jairo","R",137,145,"30.8",-1.9192493301443927,5.265474453,0.10757284892722849,4.055215741572006
693312,"Nicolas, Kyle","R",950,134,"44.4",-1.379555371938783,6.094863158,0.27213686949995297,4.478433803358669
670036,"Festa, Matt","R",385,9999,"27.6",-2.101311588642084,4.884883117,-0.2653508343171981,3.9256328082968723
664948,"Misiewicz, Anthony","L",30,147,"56.1",1.0220449074357645,6.164666667,-0.25679511289364226,4.266360409982174
686799,"Kochanowicz, Jack","R",859,108,"28.2",-2.4620711195576135,5.918498254,-0.2161551475516654,4.712818149134979
687922,"Lucas, Easton","L",246,9999,"47.6",1.4741114512448743,5.955406504,-0.1256938535281074,4.203809367708649
669395,"Coleman, Dylan","R",16,117,"35.4",-1.6895486148743455,6.053125,0.21781526849376115,4.698127673796791
659275,"Lamet, Dinelson","R",74,119,"46.8",-1.5524615731958007,6.177837838,0.14132373295755649,4.374149291805173
669622,"Bender, Anthony","R",954,146,"18.0",-2.4885698730220014,5.465461216,-0.29918306651419846,4.754622387863095
700669,"Graceffo, Gordon","R",105,138,"47.8",-1.495052520560149,5.874380952,0.020114617604617607,4.201616768525592
453286,"Scherzer, Max","R",668,140,"29.2",-2.3396734038884506,5.529026946,-0.3450592201959714,4.411894843601572
660813,"Graterol, Brusdar","R",101,119,"36.4",-2.326317458965679,6.219009901,-0.48019624168299185,4.857317211132878
676254,"Walker, Ryan","R",1205,137,"17.1",-2.855415033059983,5.180605809,-0.5597335510832021,4.474050149924921
594902,"Lively, Ben","R",2405,114,"37.7",-1.741676368203417,5.224893971,-0.06751707309119069,3.9300239245703943
656731,"Megill, Tylor","R",1365,121,"36.8",-2.022162902236755,5.788322344,-0.16499613543319427,4.400101078202844
625643,"López, Reynaldo","R",2106,144,"41.9",-1.662427290602901,5.831087369,-0.1138683400114772,4.441682113492907
621112,"Blackburn, Paul","R",1212,9999,"49.6",-1.502339439797868,6.042541254,0.00559970872087208,4.270532995946654
682990,"Priester, Quinn","R",809,9999,"42.6",-1.607430877971341,5.953881335,0.15186488303378423,4.337190590262401
598286,"Ramirez, Nick","L",194,119,"29.2",2.378712236066373,5.735051546,0.40492093922854994,4.633594156697358
677976,"Dobnak, Randy","R",183,142,"19.6",-2.5468519237110003,5.444972678,-0.36511153336645163,4.668453100435405
605218,"Edwards Jr., Carl","R",12,135,"56.9",-0.9700006493420479,6.409166667,0.2678363265002971,4.513304515745692
656793,"Nelson, Nick","R",96,143,"48.1",-1.6054368656491553,5.637083333,-0.18790467635918004,4.057787401589422
598264,"Barnes, Matt","R",237,120,"44.4",-1.5672303104637488,6.472869198,0.18149882405589782,4.75891717322142
681810,"Warren, Austin","R",173,137,"31.0",-2.266736210071516,5.175028902,-0.3466408586030313,4.017451057669519
679525,"Marsh, Alec","R",2160,118,"32.3",-2.2605620849377988,5.658069444,-0.30673165544332204,4.42123353828316
642546,"Hernández, Jonathan","R",761,9999,"26.1",-2.278107717051029,5.446596583,-0.18902899915909502,4.422395632798572
621199,"Bowman, Matt","R",497,9999,"36.2",-1.6565600039443305,5.732414487,-0.013867726322283091,4.526699937772804
641712,"Hudson, Dakota","R",1508,115,"35.7",-1.9534023468588448,6.120822281,0.00618491385220594,4.713557596857167
621399,"Feigl, Brady","L",44,134,"54.1",1.2097810071726671,6.443181818,-0.17315111003078917,4.529810417679469
543518,"McGough, Scott","R",577,109,"46.8",-1.3841532467695896,6.001611785,0.06623550681655994,4.45754099219332
641793,"Littell, Zack","R",2467,139,"41.5",-1.9370185211283921,6.145889745,-0.2355123966843617,4.638212079882254
672552,"O'Loughlin, Jack","L",176,133,"34.0",2.033924170135893,5.888920455,0.014302857113919945,4.525659620098039
679358,"Orze, Eric","R",42,121,"45.1",-1.2060293921227379,5.841666667,0.41374030854766153,4.2149159960954075
669165,"Hurt, Kyle","R",58,119,"41.5",-1.7663848541033094,5.782758621,-0.03687611100866679,4.249374915483436
641755,"Kinley, Tyler","R",1160,115,"45.0",-1.4902609041451387,6.45212931,0.13009408606859668,4.832219467622478
571882,"Law, Derek","R",1368,120,"51.2",-1.22972249616168,6.487843567,0.17753103636989087,4.741665124542644
669203,"Burnes, Corbin","R",2994,110,"43.7",-1.5769566482868331,5.967802271,0.06756166736324709,4.395320908513407
642232,"Yarbrough, Ryan","L",1476,9999,"13.5",3.1875735109780416,5.017391599,0.9129248450550467,4.4724389690786355
666214,"Wentz, Joey","L",1224,9999,"49.7",1.262759153130713,6.352058824,-0.34871516607831476,4.452086176863802
663878,"Pearson, Nate","R",1058,9999,"40.3",-1.7340879779916951,5.493969754,0.09603073358403343,3.941480155861968
621294,"Heller, Ben","R",255,134,"28.8",-2.151066564756603,5.690901961,-0.028195625458739635,4.523830346020761
669302,"Gilbert, Logan","R",3036,136,"43.8",-1.4977128477976296,5.825405138,0.17979565226198285,4.211764179988678
666277,"Soriano, George","R",519,146,"21.4",-2.3757286602552377,5.178766859,-0.1802705034019213,4.317627311194227
672860,"Berroa, Prelander","R",348,145,"51.2",-1.3683738351565793,5.853850575,0.051349062890568925,4.087457537084844
667755,"Soriano, José","R",1736,108,"36.1",-2.1581442936076463,6.004665899,-0.24934576381872411,4.6151763029625315
669084,"Hall, DL","L",782,158,"43.3",1.746178419195322,5.505051151,0.09681425500681558,3.9504804949601353
671111,"Peralta, Sammy","L",282,145,"12.1",2.777082338957759,4.671914894,0.584896449159935,4.2020413667336705
622251,"Staumont, Josh","R",420,142,"48.0",-1.5229831104391374,6.039666667,0.015446583057465407,4.3306614778032415
605347,"López, Jorge","R",802,9999,"36.1",-1.7754087704679915,5.759239401,0.03010385455701207,4.440462927907503
676534,"Faucher, Calvin","R",987,146,"50.0",-1.5493588711437405,6.000577508,-0.08529302537262486,4.252645222292652
493603,"Ottavino, Adam","R",997,121,"24.8",-2.7448973120471813,5.383219659,-0.5435088101201997,4.365634280113063
666818,"Frías, Luis","R",229,9999,"48.6",-1.4169183731945696,6.467248908,0.20610039970732233,4.6275721567070685
656302,"Cease, Dylan","R",3188,135,"53.4",-1.2926272100200735,6.100291719,0.020948343750069893,4.327711185718722
676508,"Casparius, Ben","R",156,119,"42.2",-1.6574741625354743,6.006217949,0.0659277692079163,4.443682901412317
672391,"Ort, Kaleb","R",366,117,"43.5",-1.623537551052838,5.846557377,0.027332255291585086,4.279164477708619
669713,"Wesneski, Hayden","R",1075,112,"49.6",-1.5217672216403852,5.933227907,0.012400272768726954,4.127370946233883
682073,"Hensley, David","R",1,146,"44.2",-1.5624194825076048,5.97,0.08222941176470594,4.364888235294117
666200,"Luzardo, Jesús","L",1083,146,"39.3",1.8947455220130875,5.975401662,0.09039720539269183,4.497080952427977
669169,"Heasley, Jonathan","R",108,110,"52.9",-1.195743584483517,6.044537037,0.198601839473163,4.19563502426223
676083,"Junk, Janson","R",175,9999,"54.5",-1.101109045679247,5.773257143,0.20396982633053223,3.9433774448688568
656945,"Scott, Tanner","L",1163,9999,"35.2",2.2475399275341124,5.231642304,0.4436093735391444,3.9574394188457824
592791,"Taillon, Jameson","R",2483,112,"44.9",-1.5775322902001192,6.136133709,0.06800485978450256,4.491315143187577
502171,"Cobb, Alex","R",242,114,"36.0",-2.2943317958236507,5.54661157,-0.5235731732738177,4.258246567522576
673540,"Senga, Kodai","R",73,121,"44.3",-1.5184399176089032,5.849315068,0.07896524918809363,4.289396409298463
682847,"Ortiz, Luis L.","R",2143,134,"21.8",-2.2083496106858207,4.964638357,-0.08611329200156698,4.116028723789182
678368,"Bellozo, Valente","R",1094,146,"45.6",-1.45953771205555,6.106480804,0.06730277718034197,4.549337343376769
669854,"Blanco, Ronel","R",2649,117,"46.5",-1.4800588121656442,6.115534164,0.07072117383279196,4.484586021362107
687798,"Robertson, Nick","R",217,9999,"32.5",-2.1915823892247746,5.674792627,-0.2598037022433607,4.448970651075681
660644,"Bruján, Vidal","R",5,146,"33.3",-2.0802376260303945,5.652,-0.28156611408199644,4.471758966131907
677161,"Kelly, Zack","R",955,111,"35.9",-1.8671117874768643,5.419759162,-0.04101928642756488,4.0949072047857715
607644,"Means, John","L",320,110,"45.1",1.537417648794041,6.40515625,-0.0520150306372549,4.808776502618096
605135,"Bassitt, Chris","R",2959,141,"35.3",-2.0625863349555953,5.522419736,0.040983214266996616,4.032917895101144
657024,"Swanson, Erik","R",665,141,"51.0",-1.4399393041028612,6.120691729,-0.06934066154691532,4.427519608379234
681869,"Dubin, Shawn","R",840,117,"39.6",-1.8774495326672982,5.788547619,-0.09866798478482303,4.314818427765047
689225,"Brieske, Beau","R",1145,116,"49.1",-1.341318249494404,5.978034934,0.20894795452599454,4.188228531708041
605121,"Anderson, Justin","R",945,145,"35.7",-1.9392435005845583,5.679957672,-0.08044789981986067,4.3428345372492405
669211,"Akin, Keegan","L",1216,110,"42.4",1.7222823351203138,5.913478618,0.0438835061626325,4.3774968304367174
593974,"Peralta, Wandy","L",593,135,"42.9",1.580231687149969,5.999359191,-0.12532004355628507,4.415645524734504
607074,"Rodón, Carlos","L",3102,147,"45.4",1.69546876102026,6.325892972,-0.016885460820516018,4.58969950351162
502179,"Espino, Paolo","R",158,141,"47.2",-1.4798919489318434,5.495063291,-0.11778191746203659,4.021958323179675
541640,"Ramírez, Erasmo","R",302,139,"36.1",-1.9742570660376848,5.452880795,-0.31055367868399614,4.238157015322684
669912,"Snead, Kirby","L",196,136,"15.4",2.6737929211413345,5.079183673,0.46047040543490125,4.470340846793265
676962,"Brown, Ben","R",849,112,"42.4",-1.576600612972773,6.370365135,0.11966995511128747,4.817162437406702
669358,"Baz, Shane","R",1206,139,"38.3",-1.7311867199624302,5.800787728,0.05342561923005296,4.388375122678351
606930,"Barnes, Jacob","R",1117,120,"43.1",-1.5237218940782342,5.698549687,0.2154726197144436,4.0696304456966255
640448,"Finnegan, Kyle","R",1066,120,"50.3",-1.021797955220566,5.728245779,0.3744760531314688,4.0424536409788185
552640,"Kittredge, Andrew","R",1010,138,"39.2",-1.7372211490862817,5.770079208,-0.031560576763558716,4.378271410670479
500779,"Quintana, Jose","L",2749,121,"44.8",1.8301294520697204,5.781531466,0.23004516307663997,4.1936221525053075
623149,"Sewald, Paul","R",629,109,"15.9",-2.677097626077565,4.464801272,-0.6773839883922925,3.894606944078395
647336,"Soroka, Michael","R",1442,145,"37.4",-2.067094703765306,6.095589459,-0.15588717047277886,4.6312562506644275
666215,"Whitley, Forrest","R",94,117,"38.2",-1.7976953580416664,6.189042553,0.02994374312587704,4.751484477756286
656896,"Rivera, Emmanuel","R",14,146,"18.1",-2.620182440049947,5.887857143,-0.36649138018843896,5.150093009931245
663460,"Bubic, Kris","L",467,118,"41.5",1.8579265431706227,5.678950749,0.14936512918579928,4.16971936660979
668933,"Ashcraft, Graham","R",1342,113,"49.0",-1.4540917994928406,6.296587183,0.11187623462201582,4.494224667601763
666204,"Jiménez, Dany","R",450,133,"61.3",-0.651601616620121,6.414022222,0.5422969017627254,4.231963282828284
592662,"Ray, Robbie","L",568,137,"46.9",1.577164978465676,6.271795775,0.012787305114107103,4.601601520486559
471911,"Carrasco, Carlos","R",1688,114,"35.8",-2.0050088437225013,5.896723934,-0.13654974191313754,4.551724024412653
676680,"Cosgrove, Tom","L",299,135,"11.1",2.732252663118188,4.716923077,0.46637992625447877,4.272077845641142
669724,"Hanifee, Brenan","R",435,116,"32.4",-2.6131093214461565,5.510183908,-0.5822736375929684,4.21853537955621
663321,"Hernandez, Nick","R",139,117,"47.3",-1.3085516605106415,5.749136691,0.2613997159491657,4.04679786416856
670241,"Vines, Darius","R",257,144,"44.9",-1.640242977073257,5.970233463,0.017054578400160902,4.320416317789942
519293,"Smith, Will","L",673,118,"45.5",1.5246505961797412,6.481589896,-0.11733552706507433,4.812258293405166
680686,"Gray, Josiah","R",176,120,"31.1",-2.358698702687019,5.103977273,-0.2677029097796141,3.8428032277993847
605335,"Leibrandt, Brandon","L",117,113,"51.7",1.5078370252408047,6.180769231,0.04798982890747596,4.330349556652498
543391,"Kelly, Casey","R",78,113,"51.9",-1.3376962862104507,6.518717949,0.15708129713423832,4.608407111842407
669212,"Morgan, Eli","R",646,114,"45.7",-1.2221348041871383,5.674179567,0.33432404927070764,4.078357748492022
680742,"Bowlan, Jonathan","R",68,118,"43.0",-1.8500589274287966,6.035294118,-0.11663423901646221,4.419545537118591
665625,"Peguero, Elvis","R",829,158,"24.0",-2.6421390260106796,5.507720145,-0.3593520886148074,4.4885389335775985
621053,"Ferguson, Tyler","R",819,133,"26.8",-2.820998162656737,5.845531136,-0.6587680223915513,4.754367996273876
664285,"Valdez, Framber","L",2526,117,"42.7",1.7451942268433587,6.000645289,0.15589289164524958,4.532282610582559
669022,"Gore, MacKenzie","L",2991,120,"47.2",1.5527495372897715,5.850668673,0.026104357576591897,4.2034387254454995
657571,"Ferguson, Caleb","L",940,9999,"39.0",1.7808939055707758,5.645840426,-0.10054259671179873,4.1214731851367254
543339,"Hudson, Daniel","R",980,119,"30.4",-2.263448653144934,5.503622449,-0.19418579841027309,4.288460335588781
622608,"Senzatela, Antonio","R",218,115,"46.3",-1.7766216976135658,6.163577982,-0.15074168220248899,4.462466797494646
656412,"Faedo, Alex","R",1007,116,"32.5",-2.3724476988645127,6.03367428,-0.30563853984674116,4.7163905715251735
542585,"Cisnero, José","R",313,108,"27.0",-2.3215113820964017,5.376325879,-0.20462149259936338,4.295717694896727
642629,"Ramirez, Emmanuel","R",371,146,"60.7",-0.932645863922343,5.777897574,0.21379441913986863,3.728080589388413
660600,"Paredes, Enoli","R",319,9999,"42.5",-1.8882617365923984,5.09354232,-0.17769804731810085,3.52573713839483
669721,"Daniel, Davis","R",508,108,"48.7",-1.2682363691198595,5.591377953,0.0959966989838169,4.038243226381465
595345,"Okert, Steven","L",616,142,"33.4",2.460110551987501,5.73237013,0.4476936165995321,4.402288027669751
663893,"Little, Brendon","L",696,141,"34.7",2.0725511017173486,6.024568966,0.17427267605056662,4.7117086510387844
621383,"Banks, Tanner","L",1174,9999,"48.8",1.7142080530358492,6.247052811,0.17068446578724392,4.481311275344888
663776,"Sandoval, Patrick","L",1442,108,"52.9",1.1443923693103102,6.057302358,-0.17503963715230128,4.313792056919856
592779,"Stewart, Brock","R",268,142,"27.3",-2.3186750402992398,5.371865672,-0.18759453201904916,4.2689341151861
547001,"Poteet, Cody","R",384,147,"39.1",-1.8063291686081409,6.2,-0.09528909197675287,4.810889586350637
650893,"Cabrera, Génesis","L",1030,141,"45.0",1.539473394365273,5.925815534,-0.16798951802433235,4.217905889708043
548384,"Raley, Brooks","L",119,121,"32.8",2.186068642666745,5.614369748,0.23622980047634032,4.352538952800373
608334,"Fulmer, Carson","R",1469,108,"37.7",-2.045996826934495,5.659142274,-0.2742225990129944,4.287237667590093
650644,"Civale, Aaron","R",2692,9999,"45.7",-1.3421083230851973,6.371500743,0.1969810001840801,4.790600549359963
571539,"Carasiti, Matt","R",170,115,"36.4",-1.7080280616203822,5.884823529,0.07498232253329142,4.568418809374019
668338,"Miller, Tyson","R",934,9999,"17.1",-2.6413255898085426,4.587312634,-0.5228674288228046,3.9349920705989243
656550,"Holmes, Grant","R",1023,144,"40.0",-1.8970490700540599,5.943998045,-0.2038668052789407,4.522193906722912
640462,"Puk, A.J.","L",1173,9999,"28.5",2.3190971725734255,5.551756181,0.0858798723659037,4.33921331298543
622253,"Tate, Dillon","R",582,9999,"26.2",-2.139497276699986,5.267164948,-0.16804172639065,4.2994752274105545
656848,"Petersen, Michael","R",363,9999,"48.2",-1.3339943651895778,6.299944904,0.30596570738989287,4.4676614109004475
664747,"Díaz, Alexis","R",977,113,"10.0",-2.7226730984334706,4.591514841,-0.5699764288985338,4.213885639950595
661403,"Clase, Emmanuel","R",983,114,"53.3",-1.254590071705739,6.051759919,0.17012577190128794,4.1387117756766925
681892,"Funderburk, Kody","L",652,142,"36.8",2.064132434466401,5.90904908,0.060151109570989625,4.408228909129186
695076,"Lowder, Rhett","R",498,113,"30.5",-2.44071416910936,5.696526104,-0.41287031548654496,4.498413774348732
685299,"Gordon, Tanner","R",606,115,"46.7",-1.6188776133976865,6.180231023,0.0613177164775301,4.395735508845008
612434,"Castro, Miguel","R",232,109,"12.4",-2.813113604444239,4.970689655,-0.4144067928268485,4.4424933735171175
669422,"Sauer, Matt","R",327,118,"44.6",-1.386027726377618,5.966666667,0.2122350362775079,4.3916205950492495
656186,"Altavilla, Dan","R",83,118,"23.5",-2.210282372556265,5.075903614,-0.26355282735218966,4.2282690172454505
605130,"Barlow, Scott","R",1015,114,"28.4",-2.2143230617952585,5.269990148,-0.1468908560540204,4.1521449535049175
571863,"Koch, Matt","R",23,115,"35.7",-1.946907083839342,5.710434783,-0.12185049600868016,4.400717147175077
518489,"Brasier, Ryan","R",363,119,"42.1",-1.7382508719643062,5.787190083,-0.1647893927117553,4.367310592311055
664139,"Gibaut, Ian","R",39,113,"44.0",-1.6756196080345955,5.623076923,-0.024182693450340513,4.030133909228027
672710,"Contreras, Roansy","R",1074,9999,"48.6",-1.1259998195250631,5.932337058,0.373297876563864,4.234437701862525
663546,"Hjelle, Sean","R",1209,137,"28.1",-2.2232391563837024,6.42688172,0.04849064724017287,5.214660385492639
668984,"Legumina, Casey","R",166,113,"17.2",-2.504440562733138,4.768313253,-0.4275539226424412,4.1268276743337
621016,"Cuas, Jose","R",319,9999,"3.1",-3.2604028766708857,4.192288401,-0.8086646645320998,4.05772679580239
681035,"Scott, Christian","R",787,121,"31.9",-2.230384329094706,5.21815756,-0.2603132190429595,3.9888946571628563
543243,"Gray, Sonny","R",2483,138,"48.9",-1.1868205827071796,5.513443415,0.2031972078942516,3.9224087957110125
660853,"De Los Santos, Enyel","R",1116,9999,"24.8",-2.4590637711457197,5.451621864,-0.2931278129172815,4.44878031389161
608638,"Chargois, JT","R",529,9999,"27.5",-2.470234192081297,5.378922495,-0.4195458304270326,4.309618000700878
656876,"Rasmussen, Drew","R",459,139,"54.0",-1.1816964399355747,5.892461874,0.15937624126695632,4.043894770076782
668678,"Gallen, Zac","R",2506,109,"41.2",-1.4924126025437485,5.859305666,0.10813196257680319,4.456933896829434
670059,"Holderman, Colin","R",869,134,"28.8",-2.295927338772411,5.61118527,-0.2539004417354348,4.487806712594024
623451,"Stephens, Jackson","R",51,144,"42.6",-1.8926247683666062,6.098039216,-0.12389205026038937,4.47439763202964
519326,"Strickland, Hunter","R",1157,108,"31.7",-2.30170801510344,5.880458081,-0.3156635619502773,4.653020648320616
657649,"Koenig, Jared","L",1017,158,"31.4",2.4561634301217983,5.878525074,0.48099452778697965,4.676010592827462
663568,"Kolek, Stephen","R",784,135,"35.2",-2.1046486322493494,5.373278061,-0.13841491801265965,3.9866161765842714
678061,"Kerr, Ray","L",383,144,"32.3",1.9997705521625382,5.689425587,-0.0018963048547213867,4.42507346797727
682254,"Montgomery, Mason","L",158,139,"52.6",1.1997040371765981,5.79721519,-0.13789190471355403,4.04511831776439
669330,"Wells, Tyler","R",259,110,"50.5",-1.4450275795315368,6.872316602,0.15636921141921134,4.931536654071944
656924,"Ryan, Ryder","R",340,134,"30.4",-2.2161955434314,5.344794118,-0.1885736125091748,4.15189049806019
543238,"Gose, Anthony","L",79,114,"47.9",1.3420677309776081,5.688607595,-0.11159122159796026,4.081074026941042
669387,"Mlodzinski, Carmen","R",866,134,"26.4",-2.177380104261863,5.088972286,-0.1693350941489341,4.093380948323062
695549,"Jobe, Jackson","R",48,116,"46.0",-1.3601774674607454,5.780625,0.140313333704694,4.223292637774805
680730,"Parker, Mitchell","L",2403,120,"52.0",1.4364986886722175,6.034481898,-0.034990197413660766,4.144509634310356
605288,"Houser, Adrian","R",1099,121,"40.5",-1.8987140841970258,5.874549591,-0.13430969816994554,4.367848275453782
670124,"Oller, Adam","R",710,146,"39.3",-1.7904927853217956,5.762042254,-0.14203121500841076,4.415047137907663
690925,"Beeter, Clayton","R",51,147,"53.5",-1.1576955392919837,6.214901961,0.23649095802313796,4.332608325469225
641771,"Kuhl, Chad","R",980,145,"25.7",-2.3317684457885424,5.286744898,-0.3657315339772271,4.338873728946129
547973,"Chapman, Aroldis","L",1128,134,"52.5",1.3258410940034275,6.102748227,-0.14362728173474423,4.188267935218893
663559,"Falter, Bailey","L",2137,134,"56.0",0.8691145239582369,5.781478708,-0.32744405487893946,4.007466766845415
694363,"Shuster, Jared","L",1290,145,"39.7",1.659616746503721,5.553232558,-0.0002744903204410732,4.173069746438393
596133,"Weaver, Luke","R",1362,147,"46.6",-1.3972290633010462,5.704427313,0.16288179985917745,4.055986939294466
620982,"Pinto, Ricardo","R",220,143,"47.8",-1.478639549054053,6.057454545,0.14466844514665367,4.264405984443363
646242,"Díaz, Jhonathan","L",166,136,"32.1",2.1988606424704606,5.493795181,0.3329914889504543,4.3243332468913085
656457,"Gilbert, Tyler","L",145,143,"17.2",2.994088645501046,5.139517241,0.6970018993177213,4.428242885856537
686563,"Cannon, Jonathan","R",2027,145,"25.1",-2.673735016307831,5.798815984,-0.5003058496394934,4.781583414677256
681857,"Olson, Reese","R",1840,116,"38.5",-1.9633390844551182,6.020543478,-0.06357953712314963,4.505623485575053
622694,"Hernández, Elieser","R",251,9999,"39.9",-1.5355679597636243,5.289721116,-0.06208142545681798,4.056503245129995
614179,"Ruiz, José","R",807,143,"44.8",-1.580498491846543,6.282453532,0.10067133725180956,4.613807832424395
595881,"Beede, Tyler","R",265,114,"31.1",-2.400965849488789,5.337169811,-0.2822938802004506,4.059809100326231
622569,"Reyes, Pablo","R",3,111,"22.3",-2.439066910254449,5.52,-0.4501045454545454,4.703678787878789
678020,"Halvorsen, Seth","R",177,115,"41.0",-1.736502011750587,5.591638418,-0.10914582061895128,4.174852940169391
663767,"Shugart, Chase","R",142,111,"35.3",-1.9768768413620081,5.402464789,-0.2563086032236198,4.183199282593958
650895,"Castillo, Diego","R",177,142,"32.9",-2.3552904718955263,5.872090395,-0.2742211476681068,4.526495624741935
592288,"Emanuel, Kent","L",302,146,"24.0",2.4716992583735578,5.872450331,0.23888987203550893,4.879311332943774
693821,"Elder, Bryce","R",864,144,"54.3",-1.0989923757602755,6.648599537,0.25691358065953673,4.763932292079291
605177,"Chafin, Andrew","L",967,9999,"49.9",1.606229504393345,6.269855222,0.11661578784376404,4.498075129542281
686654,"Adcock, Ty","R",86,121,"47.2",-1.5770467332387206,5.931860465,-0.021043451270571643,4.253597513783526
657193,"Alvarez, Eddy","R",13,121,"33.9",-1.7923496266175147,6.046153846,-0.13055479226655697,4.93122539421363
663687,"Harris, Hogan","L",1213,133,"49.3",1.6158786686570206,5.887609233,0.09722832946114077,4.11737162939222
571946,"Miller, Shelby","R",832,116,"46.0",-1.5236614377143594,5.34359375,-0.022228539888420384,3.788213367377106
687792,"Herz, DJ","L",1586,120,"37.2",1.8702606474185612,5.790296343,0.03271410705976761,4.392995163338753
518886,"Kimbrel, Craig","R",963,110,"26.1",-2.1253014709166886,4.798701973,-0.3342306199247375,3.920556631923042
458677,"Wilson, Justin","L",816,113,"48.4",1.3633008523952446,6.367953431,-0.19043592499388373,4.614776956306141
682610,"Muñoz, Roddery","R",1485,146,"37.7",-1.7258798289107926,5.696713805,0.1844509788316917,4.216806210830836
670167,"Schreiber, John","R",895,118,"9.0",-2.8844322675498404,4.223027933,-0.6108211449028574,3.861396859160119
642016,"Robert, Daniel","R",103,140,"35.2",-2.0490060625195405,6.072427184,-0.13865424692383568,4.724482837512765
677958,"Rocker, Kumar","R",218,140,"34.0",-2.384154606637607,5.699633028,-0.4608284379139477,4.402853297273867
621389,"Blach, Ty","L",1133,115,"20.9",2.3192544413560188,5.738358341,0.13436002048416243,4.901690177671007
622072,"Wood, Alex","L",751,133,"18.1",2.7961788744730334,4.779360852,0.44471252708806597,4.010534344818912
680767,"Vodnik, Victor","R",1312,115,"42.5",-1.508661656118361,5.276036585,0.16746991170220876,3.7333882280933444
685107,"Veneziano, Anthony","L",242,9999,"35.9",2.0478779256525894,6.084214876,0.1503153905363798,4.709824144826976
681911,"Vesia, Alex","L",1090,119,"61.3",0.7824376343029463,5.897899083,-0.3375379762547223,3.8506953260069663
527048,"Pérez, Martín","L",2204,9999,"47.0",1.5554681957327605,5.729319419,-0.015919957434384412,4.042135196660752
680897,"Nastrini, Nick","R",734,145,"44.9",-1.5154107432075588,5.90373297,0.10565173323230702,4.2872067052558
607179,"Weems, Jordan","R",733,120,"48.9",-1.1052513121184189,6.02207367,0.4587541483367499,4.229820956900687
643338,"Green, Chad","R",840,141,"44.7",-1.6124984857835316,6.093202381,0.06477915096341562,4.433717508382136
656756,"Montgomery, Jordan","L",1929,109,"45.6",1.628417101797857,6.603639191,-0.08761701471766431,4.853465583656522
656353,"Davidson, Tucker","L",67,110,"58.5",0.9762146644118788,6.121492537,-0.18043197515098303,4.228889912735788
661527,"Martinez, Seth","R",827,117,"12.9",-2.526363830738623,4.478198307,-0.4135210170558276,3.9934441603243447
687362,"Gillispie, Connor","R",138,114,"38.5",-2.1577613755928677,5.356231884,-0.3774969503216306,3.9386873330491614
663704,"McArthur, James","R",903,118,"31.9",-2.137066579434381,5.775902547,0.009882840817792948,4.439800281296452
703231,"Meeker, James","R",16,158,"29.1",-2.4233570715630277,5.59625,-0.4204638034759358,4.479972632575757
608032,"Estévez, Carlos","R",821,9999,"42.0",-1.623036274475371,5.995517661,0.20386821416862608,4.350305744157923
472610,"García, Luis","R",896,9999,"48.2",-1.5145809096027654,6.281886161,-0.02305031970174433,4.6170912239185435
681806,"Wantz, Andrew","R",35,108,"34.7",-2.0806752303167912,5.961714286,-0.09537162719633308,4.583238444104913
656849,"Peterson, David","L",1871,121,"40.9",1.760514811585841,6.129834313,-0.11821820820840853,4.502925692076547
686642,"Ellard, Fraser","L",432,145,"26.9",2.3850694383290105,5.765162037,0.32227165816663367,4.718287676808943
677076,"Andrews, Clayton","L",15,147,"36.7",1.75994247948875,5.406666667,0.10486619132501485,4.176160784313725
668941,"Romero, JoJo","L",919,138,"32.0",1.9926235348445118,5.421936888,0.07813011798843579,4.227675486025856
528748,"Castellanos, Humberto","R",186,109,"17.5",-2.5963894270305814,4.759193548,-0.4917288956931749,4.091224810725857
656271,"Burke, Brock","L",575,9999,"40.9",1.9488510787385216,6.270313043,0.14937077966364432,4.708927899868245
579328,"Kikuchi, Yusei","L",2923,9999,"41.9",1.6505279990389508,5.426712282,0.04728330729361992,3.990787510176528
572971,"Keuchel, Dallas","L",308,158,"45.8",1.6498457033160148,6.163474026,0.069675968527907,4.54100673513207
701643,"Hartwig, Grant","R",118,121,"13.6",-2.8246874924398777,4.837881356,-0.5862647436478443,4.294850554397417
664849,"Young, Danny","L",674,121,"16.1",2.7006227156291995,5.142982196,0.39984872882252437,4.481758223313603
641312,"Anderson, Shaun","R",244,9999,"45.2",-1.6152117466944103,6.058729508,-0.15276817524327177,4.582020033751203
682052,"Lopez, Jacob","L",178,139,"24.2",2.7142062243021052,5.272752809,0.4721504000680966,4.265094912275428
671345,"Foley, Jason","R",905,116,"31.0",-2.293156332181207,5.690729282,-0.1593329962281245,4.410716405589861
663531,"Allen, Logan","L",470,109,"43.7",1.6539937704335297,6.067085106,0.005438170629954114,4.493015985512195
622250,"Sborz, Josh","R",284,140,"49.9",-1.3393879985535775,6.296866197,0.13436927989505665,4.544691903919058
664776,"Cousins, Jake","R",644,147,"24.3",-2.3583224964616916,5.67378882,-0.2790572595243632,4.735671139602082
666619,"Santos, Gregory","R",112,136,"33.5",-2.095431689064485,5.763928571,-0.032752530557677614,4.397904773045583
607455,"Banda, Anthony","L",774,119,"34.3",2.031404696072461,5.421085271,0.055459030685330306,4.068482646114588
623433,"Anderson, Nick","R",573,118,"46.9",-1.3853863121196885,6.422006981,0.20097444432000938,4.72526031628263
592866,"Williams, Trevor","R",1064,120,"16.8",-2.7544544334612313,4.98318609,-0.5090383604398693,4.302989583668399
681347,"Burrows, Mike","R",68,134,"50.1",-1.1357128589262493,6.387941176,0.3503941936667715,4.60872309557513
688297,"Roycroft, Chris","R",596,138,"21.1",-2.5306186234147217,5.230067114,-0.18104635627893645,4.321886393245528
434378,"Verlander, Justin","R",1580,117,"54.7",-1.2649702409476302,7.096683544,0.15464905046368377,5.087383938829845
605513,"Turnbull, Spencer","R",916,143,"24.6",-2.5221997978624455,5.703733624,-0.2985613279273607,4.684793493858445
700241,"McGreevy, Michael","R",311,138,"35.9",-2.0867983772314136,5.771639871,-0.1583677849040816,4.376642231373696
630023,"Chirinos, Yonny","R",515,146,"44.7",-1.5625910969429182,6.636213592,0.15782995950366016,4.932302019798215
690544,"Horn, Bailey","L",303,111,"41.5",1.4520177278478215,5.745643564,-0.18673154668408007,4.293502047557694
670955,"Uceta, Edwin","R",672,139,"16.8",-2.765362962159918,4.683794643,-0.6532985284833631,4.047119834638402
671131,"Rutledge, Jackson","R",139,120,"38.0",-1.952199699816184,6.117553957,-0.14140702304466582,4.702510754177408
689017,"Knack, Landon","R",1149,119,"53.0",-1.1501377328008036,5.796927763,0.20357847876709032,3.998586262952052
554340,"García, Yimi","R",619,9999,"27.4",-2.496345900096845,5.176542811,-0.3006114745766129,4.0384465142732076
605280,"Holmes, Clay","R",1063,147,"49.2",-1.5000665255702248,6.575766698,0.13242143925559594,4.684355173364993
622259,"Wingenter, Trey","R",179,9999,"29.0",-2.6368216707275653,5.55452514,-0.41869110277935445,4.322470634043359
668874,"Henley, Blair","R",39,117,"29.9",-2.1584408969837967,5.354615385,-0.16334127245303717,4.204886512180629
663773,"Hoeing, Bryan","R",782,9999,"35.1",-1.8166958968089226,6.117557545,0.029364766629739532,4.8185195918869805
675627,"Grove, Michael","R",787,119,"56.7",-0.97809542222717,5.940914867,0.18507359486939046,4.170438387047085
690916,"Fitts, Richard","R",314,111,"54.1",-1.1445262012099173,6.126305732,0.2534567100378079,4.191422567753217
680880,"Holman, Grant","R",292,133,"46.1",-1.8182348640101793,6.154041096,-0.05984687141357165,4.32493849138036
676617,"O'Brien, Riley","R",194,138,"31.3",-2.1498550008482615,5.533195876,-0.14974610140213537,4.316926375489277
543475,"Lyles, Jordan","R",72,118,"43.0",-1.7383047405947778,5.926805556,0.020014172360863537,4.286337132352944
669391,"White, Owen","R",69,140,"45.3",-1.7715362860735777,5.877391304,-0.15539491074427142,4.244339534733525
663436,"Martin, Davis","R",892,145,"39.4",-1.9998082767436967,5.99853139,-0.22209126020159387,4.536434285248952
607200,"Fedde, Erick","R",2891,9999,"37.2",-1.7711946611825549,5.82611899,0.1196650638375534,4.388129700416375
683003,"Jones, Jared","R",1912,134,"44.6",-1.5983077217445603,5.538933054,-0.05115191803899198,4.011014094675518
664351,"Contreras, Luis","R",105,117,"47.0",-1.2604682415518427,5.315047619,0.19178709447415324,3.757144216959511
694361,"Klein, Will","R",146,9999,"49.9",-1.499293932232085,5.905205479,-0.0405179553390472,4.175012213390958
656657,"Logue, Zach","L",43,119,"21.4",2.40697452145152,5.085813953,0.38586220826597034,4.293177660324172
595928,"Curtiss, John","R",38,115,"40.5",-1.8923253159543971,6.318157895,-0.17983754339056196,4.8544473942208475
670810,"Gillaspie, Logan","R",151,135,"50.2",-1.4393169456494626,6.030529801,0.018519570067641756,4.282375915170407
656546,"Hoffman, Jeff","R",990,143,"39.6",-1.8244440009601164,6.038555556,0.09033977700354696,4.452051756333394
676760,"Marinaccio, Ron","R",395,147,"33.9",-2.089390804992954,5.354810127,-0.16606066856201618,4.064283467361626
543063,"Crawford, Brandon","R",35,138,"39.0",-1.973750193553854,5.752285714,-0.2403765495289025,4.342496035141329
623437,"Topa, Justin","R",20,142,"12.8",-2.7726585881718284,5.168,-0.47814730837789654,4.645504527629233
571510,"Boyd, Matthew","L",669,114,"26.1",2.5667318980654077,5.454394619,0.35094404237574894,4.369880328875673
665622,"Medina, Luis","R",720,133,"42.2",-1.8429352889123274,6.226444444,-0.06424833556149734,4.611155994503862
673929,"Leasure, Jordan","R",560,145,"52.0",-1.1436906971907554,5.894553571,0.2597687441112809,4.0992207707855925
676710,"Crawford, Kutter","R",2822,111,"47.6",-1.5619419673766208,6.019964564,-0.07806651418508254,4.391882444025874
690986,"Harrison, Kyle","L",2078,137,"23.7",2.5294083950674273,4.840572666,0.424723186587611,3.915027435282453
641835,"Mayza, Tim","L",731,9999,"41.9",1.9688206823332621,6.297647059,0.15181130249139835,4.668353459476073
666157,"Lodolo, Nick","L",1863,113,"18.5",2.9300858469422555,5.519924852,0.5563698258994217,4.724156477151927
667463,"King, John","L",842,138,"27.0",2.4358081914491185,5.432612827,0.3942866655234757,4.393474317155067
656671,"Maciejewski, Josh","L",96,147,"36.8",1.9842363063804755,5.543958333,0.11514430611259655,4.145347770907605
554430,"Wheeler, Zack","R",3134,143,"24.7",-2.6740014675524764,5.228321634,-0.41501362931086455,4.190937892950301
601713,"Pivetta, Nick","R",2386,111,"56.4",-0.9674159910097764,6.813575021,0.31733649882036163,4.877866862214674
592332,"Gausman, Kevin","R",2864,141,"36.1",-2.0779015282964663,5.678823324,-0.14227836863541743,4.264443529922128
623211,"Brazobán, Huascar","R",899,9999,"38.2",-2.0508502570254104,5.857919911,0.004163809659772487,4.237374733562145
689672,"Thorpe, Drew","R",721,145,"51.9",-1.2325196254033473,6.12331484,0.22065260753904384,4.273302477001397
606303,"Payamps, Joel","R",899,158,"30.2",-1.9418763925944076,5.636551724,0.11766285573790651,4.43712339220246
680570,"Rodriguez, Grayson","R",1869,110,"37.6",-1.8171576882126415,5.593017657,0.055452273752538125,4.148739274436364
669373,"Skubal, Tarik","L",2740,116,"48.1",1.8775962991159034,6.163649635,0.1722950637222373,4.266468237733718
641302,"Alexander, Tyler","L",1668,139,"35.9",2.084399568480127,5.638585132,0.18970622325668837,4.268755165439849
621111,"Buehler, Walker","R",1336,119,"45.5",-1.5334914752059117,5.537769461,-0.07321128311558703,4.051138617350865
668873,"Kilian, Caleb","R",167,112,"51.2",-1.2128253051921394,6.15497006,0.168605283016854,4.43671765880005
670871,"Zuñiga, Guillo","R",271,108,"25.2",-2.497240933904403,5.879630996,-0.326191678341917,4.861108223322877
676092,"Snider, Collin","R",676,136,"20.3",-2.469626050500646,5.200473373,-0.2380653318777752,4.376486624028309
663562,"Davis, Noah","R",365,115,"31.7",-2.0476708750148322,5.840027397,-0.15847351060972345,4.674537115718018
676969,"de Geus, Brett","R",193,9999,"31.5",-2.1191096257996747,5.974196891,-0.11471416281067302,4.746927801945083
542881,"Anderson, Tyler","L",2913,108,"57.5",0.9518018076415881,6.404263646,-0.23215594948087503,4.534649762176196
680744,"Madden, Ty","R",403,116,"39.8",-1.991883305633008,5.750620347,-0.2059485626960011,4.262595449016508
623167,"Flexen, Chris","R",2797,145,"70.1",-0.3215322925847035,6.842366822,0.45692560360380985,4.691820796760214
606149,"Gallegos, Giovanny","R",401,138,"58.3",-0.9303452058920004,6.733591022,0.31757544863331855,4.71174759713906
670970,"Morejon, Adrian","L",1053,135,"42.8",1.7560198025908738,5.811889839,0.125774449116606,4.3031939329612525
663738,"Lynch IV, Daniel","L",631,118,"39.2",1.5606210040315909,6.020396197,-0.24881999005624444,4.546219340887199
657697,"Nittoli, Vinny","R",178,9999,"19.1",-2.858220722339032,4.852640449,-0.7414967483827034,4.122252496044385
622503,"Crismatt, Nabil","R",93,119,"34.4",-2.224623213130977,5.556021505,-0.33288577041764905,4.258038456672991
687863,"Hodge, Porter","R",641,112,"40.7",-1.8285010248426428,5.695179407,-0.15279443814116206,4.254412915981876
683004,"Leiter, Jack","R",669,140,"50.3",-1.4004909955953295,5.656053812,-0.04980494299363996,4.02546996608128
489119,"Miley, Wade","L",118,158,"49.7",1.6034918255174875,6.236864407,0.1372798264298015,4.5076882639958935
668881,"Greene, Hunter","R",2563,113,"32.0",-2.2741819552306284,5.971037846,-0.3170833260307279,4.750401012801809
622491,"Castillo, Luis","R",2852,136,"15.3",-2.4733289159768783,5.026399018,-0.16350473770791,4.39277232176563
669438,"Englert, Mason","R",365,116,"33.1",-2.3715127484183918,5.633178082,-0.3994605750494469,4.3453075945596185
669796,"Hernandez, Jose E.","L",89,134,"55.5",1.059925333051028,6.483707865,-0.2271924793206353,4.609759285184965
656420,"Feyereisen, J.P.","R",156,119,"46.5",-1.6290540696572797,6.236538462,-0.01913809132044427,4.536949700626174
593576,"Neris, Héctor","R",1008,9999,"39.9",-1.8040204004016833,6.080426587,0.009674646146337335,4.561677304735029
664129,"Hartlieb, Geoff","R",138,115,"35.8",-2.039977874390141,5.954637681,-0.027510892815624306,4.504918523469994
686580,"Slaten, Justin","R",811,111,"51.7",-1.6255989944079772,6.065030826,-0.12652515841669024,4.166999807899839
669111,"McMillon, John","R",180,146,"40.7",-1.740051851240534,5.621277778,-0.0591151237868885,4.177354297385621
643493,"Pruitt, Austin","R",78,140,"54.8",-1.0774092284897046,5.928589744,0.18007961058549293,4.147247290781116
519242,"Sale, Chris","L",2813,144,"10.9",3.220037554211435,5.101283327,0.879251794222521,4.65030509158839
621363,"Poche, Colin","L",543,139,"65.0",0.7635094746737523,6.288563536,-0.1455716676022494,4.336211104217345
641656,"Hamilton, Ian","R",619,147,"40.2",-1.62773043881693,5.954087237,0.07095275126058644,4.518121254596713
657053,"Toussaint, Touki","R",491,145,"32.3",-2.1831062810334214,5.573849287,-0.16315115247357953,4.295896397725918
668964,"Myers, Tobias","R",2151,158,"60.5",-0.8445685461695741,5.887168759,0.2729993789316584,3.908980008635042
605447,"Romano, Jordan","R",215,141,"50.3",-1.3328193281890528,6.060046512,0.1721622169713551,4.248644419848277
608331,"Fried, Max","L",2762,144,"48.4",1.48393329149688,5.950351195,-0.09750065173393423,4.167907639649892
643511,"Rogers, Tyler","R",992,137,"-64.1",-2.6995425009894185,1.099647177,-1.6707343370852747,3.2186675634128292
573009,"Mantiply, Joe","L",867,109,"14.8",2.8299705732320724,5.123483276,0.4914883072532775,4.50595985090061
641816,"Mahle, Tyler","R",229,140,"43.0",-1.9094808579801608,5.52489083,-0.3088831286146853,4.031678136359743
687377,"Ribalta, Orlando","R",97,120,"44.6",-1.78910439290395,6.626907216,-0.038827745006156184,4.904282804086958
477132,"Kershaw, Clayton","L",504,119,"56.7",1.1210048378620245,6.131488095,-0.10480563230342645,4.268219343116037
676428,"Hurter, Brant","L",645,116,"29.5",2.626555155035151,5.876325581,0.37395215589548003,4.596800140391608
685126,"Eisert, Brandon","L",110,141,"34.5",2.407360062159134,5.001818182,0.7144497496353914,3.8365159957867436
642121,"Sulser, Cole","R",292,9999,"42.8",-1.6403957274351886,5.790856164,-0.09447996727956438,4.358321926965056
672335,"Pérez, Cionel","L",863,110,"37.2",1.9475284681274645,5.513325608,0.18228857383045938,4.174281895535008
622103,"Reyes, Gerardo","R",78,133,"23.5",-2.052682032987002,5.566153846,-0.09642814228255399,4.717787033228208
670046,"Rosenberg, Kenny","L",403,108,"46.5",1.5732144360756193,6.061761787,-0.019229732443394675,4.38092310058695
696131,"Black, Mason","R",663,137,"21.9",-2.359188778695178,5.092187029,-0.18755594755110327,4.220112157373576
686747,"La Sorsa, Joe","L",271,120,"19.4",2.638013966436365,5.342324723,0.4320412044254131,4.567197710335391
686993,"Sterner, Justin","R",64,139,"40.5",-1.7123021093307575,5.5746875,-0.08698242396390375,4.186142723651962
692285,"Guerrero, Luis","R",132,111,"33.0",-2.1216609530912725,5.871515152,-0.1370014449305893,4.583390222411277
543037,"Cole, Gerrit","R",1534,147,"42.4",-1.795221336261276,5.986597132,-0.14853098286724897,4.481458357619448
571912,"Maile, Luke","R",12,113,"36.1",-2.0114495399295556,6.091666667,-0.15147799316696375,4.734900207961973
663903,"Singer, Brady","R",2966,118,"27.8",-1.9701505505872086,5.262279164,-0.14635944801631803,4.299006867673195
681217,"Silseth, Chase","R",167,108,"33.5",-2.018554236886944,5.896047904,-0.11420434958959089,4.636639085465435
673513,"Matsui, Yuki","L",1029,135,"56.6",1.1437413090604611,5.968785228,-0.0012103495077684782,4.229526688337671
669093,"Estrada, Jeremiah","R",977,135,"63.9",-0.6774426158304934,5.815649949,0.34159691532703135,3.729362266441892
605182,"Clevinger, Mike","R",303,145,"40.9",-1.7872380536506332,5.627854785,-0.05923777201249536,4.133242539842213
621107,"Eflin, Zach","R",2447,9999,"27.2",-2.6404009726783473,5.787331426,-0.4433402027802242,4.658509989969173
657006,"Steele, Justin","L",2046,112,"45.7",1.695591096525623,6.12487781,0.1051498761114683,4.4891321825726616
690829,"Joyce, Ben","R",541,108,"27.8",-2.140311066017787,5.21,-0.03887459036378789,4.0996784410924505
593334,"Germán, Domingo","R",373,134,"30.5",-2.472590158293528,5.501689008,-0.288958859132247,4.212455881158219
687847,"Church, Marc","R",15,140,"56.8",-0.8558691057895516,6.45,0.41483964349376107,4.512437688651217
669674,"Long, Sam","L",702,118,"55.8",1.2470406441685082,6.016467236,-0.06778769215533924,4.074511699194052
686796,"Walston, Blake","L",343,109,"32.8",2.104276249051565,6.021282799,0.10186455257427646,4.7302653399021946
641585,"France, J.P.","R",466,117,"44.4",-1.2358279186320824,5.629313305,0.1447681374461607,4.280387220092873
679885,"Martinez, Justin","R",1176,109,"42.0",-1.8093757681284637,6.25130102,-0.06097415723865305,4.677376624816594
523260,"Kelly, Joe","R",544,119,"27.9",-2.216199639071056,5.246231618,-0.28274034697100753,4.218786030394778
615698,"Quantrill, Cal","R",2545,115,"45.7",-1.5459790767581154,6.315347741,0.15818215045403766,4.56852269445874
448179,"Hill, Rich","L",71,111,"19.0",2.846691820197847,4.632676056,0.773572225151264,3.9137427581531976
667297,"Nance, Tommy","R",322,141,"43.7",-1.6672508230614556,6.200776398,0.10675399879319322,4.506086590051037
657277,"Webb, Logan","R",3198,137,"22.1",-2.6642362299545,4.978202001,-0.5149773569766751,4.1036994467353125
678495,"Rodríguez, Randy","R",846,137,"36.7",-1.9229925174884128,5.427470449,-0.23177884908745358,4.166851178872579
445276,"Jansen, Kenley","R",801,111,"61.8",-0.7357121824630897,6.488501873,0.41539705025580753,4.338860782644684
656786,"Mushinski, Parker","L",194,117,"47.6",1.5109535399247136,5.60814433,0.053507105316353346,4.008429916202656
669060,"Wilson, Bryse","R",1642,158,"45.8",-1.7674747785831162,5.788879415,-0.14551856285865042,4.121100957269199
681676,"Fernandez, Ryan","R",1190,138,"52.6",-1.1512344728632127,5.781991597,0.24951944202279844,3.945472516439731
677960,"Weathers, Ryan","L",1413,146,"35.6",1.9443078246001702,5.702724699,0.13241544147608253,4.405541130992707
670161,"Dunshee, Parker","R",51,144,"34.7",-1.9063863378182326,5.944117647,-0.11531175247282516,4.704624791164239
685801,"Bigge, Hunter","R",300,9999,"51.2",-1.299624697056827,5.667566667,0.042259984254307804,3.9997615947712433
700363,"Smith-Shawver, AJ","R",87,144,"50.7",-1.2133490636431405,5.988735632,0.32237526481857126,4.112687853176797
594835,"Gonzales, Marco","L",546,134,"37.3",1.8164322004400697,5.414010989,0.14261399580811332,4.142039839245722
640451,"Harvey, Hunter","R",906,9999,"44.1",-1.323808588273278,5.786280353,0.23955643295046275,4.271918097511928
624647,"González, Victor","L",386,147,"24.9",2.5163413937134895,4.941761658,0.3170436306835499,3.9211206838269947
669194,"Nelson, Ryne","R",2406,109,"47.6",-1.3013737489520345,6.072323358,0.2076048779566239,4.418825069975095
663474,"McKenzie, Triston","R",1299,114,"53.9",-1.0465318044701215,6.47308699,0.28634441061889104,4.643205124125373
608723,"Voth, Austin","R",974,136,"37.4",-1.7965253295734849,5.685985626,-0.04748363063537903,4.350308466748657
681432,"Little, Luke","L",437,112,"26.3",2.4637859418425068,5.501327231,0.20781962579081967,4.384560928914937
676272,"Miller, Bobby","R",1053,119,"47.4",-1.2477083212670461,6.02951567,0.32421517462203714,4.318551870134221
676702,"Stratton, Hunter","R",587,134,"37.4",-1.710535478113503,5.988756388,0.11481365260987468,4.594226038924164
592426,"Jackson, Luke","R",917,9999,"53.5",-1.1800780262520325,6.513958561,0.22828525767003546,4.608196333564656
701581,"Festa, David","R",1099,142,"56.4",-0.9512033536058626,6.154649682,0.35404882464856247,4.190241022871216
572143,"Smith, Burch","R",896,9999,"39.1",-1.7738999591307627,5.697276786,-0.056128413268716544,4.302477774561528
666208,"Speas, Alex","R",39,117,"41.9",-1.7526089379450822,6.341794872,0.07257521596051009,4.702616991178757
701542,"Warren, Will","R",458,147,"24.9",-2.107875947042035,5.65720524,-0.004258991079560051,4.678213973215328
676130,"Buttó, José","R",1222,121,"33.1",-2.16425436514693,5.287790507,-0.14297427750597316,3.9709411758141724
666207,"Pint, Riley","R",102,115,"26.0",-2.9397068244709144,5.500686275,-0.618604690503652,4.365584478871761
656266,"Bukauskas, J.B.","R",88,158,"18.8",-2.5650235023056167,5.167159091,-0.5030332077459085,4.467429292254091
689147,"Kerkering, Orion","R",1063,143,"31.2",-2.215434379257989,5.651721543,-0.21379688040272124,4.442381639761015
554431,"Matzek, Tyler","L",179,144,"50.2",1.4627245069362838,6.249832402,-0.05590327925990101,4.4260451956303095
608678,"Leone, Dominic","R",361,145,"40.5",-1.6710471368688795,5.803490305,-0.027211177606272938,4.400457638960896
622786,"Tinoco, Jesus","R",644,9999,"25.4",-2.2376097067071847,5.265776398,-0.1485493640736926,4.271977122983582
624133,"Suárez, Ranger","L",2265,143,"41.8",1.707449881454379,5.845532009,0.0005085696072528969,4.319290149803451
700187,"Taylor, Troy","R",328,136,"30.6",-2.126827473010305,5.638506098,-0.2368368464958045,4.522088026879265
621244,"Berríos, José","R",2907,141,"39.6",-2.1500712370168418,5.611795666,-0.35319167722879263,4.12770302122788
643377,"Jax, Griffin","R",1066,142,"45.8",-1.3803030125766798,5.500609756,0.21743911033968413,3.856790475330506
628317,"Maeda, Kenta","R",1958,116,"38.5",-1.953231123678627,5.686149132,-0.18669332889066126,4.2817756422301505
663992,"Lovelady, Richard","L",528,9999,"18.6",2.5272467811477926,5.239905303,0.5388213071557834,4.572021897112841
669711,"Weissert, Greg","R",1028,111,"15.7",-2.7707199859551848,4.826809339,-0.5399130020738397,4.201374541015553
677020,"Walker, Josh","L",215,121,"42.3",1.8879543817535007,6.163255814,0.08357617792148571,4.519605528748496
663432,"Rainey, Tanner","R",939,120,"37.7",-2.1202026667936527,6.097518637,-0.2751086216420929,4.672028309594719
543859,"Tonkin, Michael","R",1402,9999,"13.2",-2.9512729321980022,5.194942939,-0.619582767996318,4.64798215637961
595014,"Treinen, Blake","R",737,119,"31.6",-2.271390201136744,6.204843962,-0.13800033812464166,4.8914881883726675
571945,"Mikolas, Miles","R",2703,138,"43.3",-1.970840714821015,6.42627081,-0.1460003909962063,4.703901034138474
668390,"Winn, Cole","R",286,140,"41.1",-1.9529980717509254,5.500314685,-0.1862091750495494,3.961176842052776
663855,"Hicks, Jordan","R",1958,137,"29.4",-2.319652760803331,5.615955056,-0.29308856061971633,4.474915976550336
656464,"Ginkel, Kevin","R",1184,109,"40.3",-1.7702920218596088,6.428353041,0.05065392789179557,4.886261475872603
642397,"Soto, Gregory","L",948,9999,"36.1",2.1567875764334223,5.728945148,0.2175265103567317,4.3115542256143
668909,"Williams, Gavin","R",1361,114,"35.4",-2.0993518599185514,5.861763409,-0.21125753574557865,4.520651036710189
666171,"Zeferjahn, Ryan","R",208,108,"37.9",-1.8576092622795544,5.845384615,-0.025977419700397634,4.421265166512405
692230,"Rodriguez, Carlos","R",233,158,"34.5",-1.9412507937567205,5.676566524,-0.15029820293314358,4.447346980789978
669467,"Pallante, Andre","R",1880,138,"58.8",-1.3553052922705124,5.998718085,-0.22368324027193096,4.130519338093074
686751,"Johnson, Seth","R",58,143,"52.9",-1.0716001310617722,6.011206897,0.3101645107259205,4.178070240949043
596001,"Junis, Jakob","R",943,9999,"29.1",-2.2302057027469004,5.644485684,-0.24273831298450152,4.539439115596103
688107,"Gasser, Robert","L",399,158,"24.7",2.4664063417283373,4.957067669,0.41614313904190087,4.014925496450574
641540,"Dunning, Dane","R",1689,140,"38.2",-1.8942707644314123,5.41142688,-0.06612274384214087,3.968746011414953
689690,"Jacob, Alek","R",232,135,"-1.2",-2.4989966408491116,3.813017241,-0.3147277706066752,3.857556432094782
593958,"Rodriguez, Eduardo","L",865,109,"39.5",1.955284666950522,5.858809249,0.1433676040926093,4.365570565258155
668943,"Miller, Ryan","R",219,108,"32.8",-2.062163137205848,4.756438356,-0.1205925719727493,3.505227686616365
686613,"Brown, Hunter","R",2888,117,"57.4",-0.9702870266338712,6.25699446,0.21461922698757166,4.39836689932772
702674,"Dana, Caden","R",206,108,"44.2",-1.60887125871394,6.035582524,-0.013739282747520898,4.486176099804437
592351,"Gray, Jon","R",1619,140,"32.4",-2.077590352065998,5.604848672,-0.1304788436448194,4.369111647338477
650960,"Duarte, Daniel","R",56,142,"39.3",-1.492513818156081,5.530892857,0.1440131795900178,4.190728822892792
656629,"Kopech, Michael","R",1141,9999,"44.8",-1.5907048719841135,5.717537248,-0.08144733518616593,4.219771227665629
671305,"Otañez, Michel","R",601,133,"32.5",-2.14739726220781,5.638252912,-0.17749528474526993,4.384631796233846
683021,"Stefanic, Michael","R",1,108,"39.9",-1.8788206888463659,5.78,-0.2986893939393939,4.460357575757576
808967,"Yamamoto, Yoshinobu","R",1421,119,"46.1",-1.3542937233715446,5.515559465,0.035992423552493095,4.0745295180140975
656794,"Newcomb, Sean","L",184,133,"38.8",2.0860198184251604,6.258858696,0.10043583904905837,4.660530789351315
527054,"Teheran, Julio","R",68,121,"20.9",-2.8082732402876,5.022941176,-0.7149082428960889,4.22342552951662
682842,"Uribe, Abner","R",258,158,"42.1",-1.9381313076523285,5.952209302,0.03476670915723583,4.169584456742525
605483,"Snell, Blake","L",1773,137,"57.1",1.1071542499099825,6.638742245,-0.18897046703724843,4.636251638360315
669432,"Rogers, Trevor","L",2243,9999,"22.7",2.4689770663491792,5.706486848,0.23645099227304922,4.771702789029529
608371,"Sims, Lucas","R",885,9999,"38.1",-1.6565552681324234,5.688056497,0.08792771846077932,4.318566518827359
455119,"Martin, Chris","R",657,111,"40.6",-2.0036245874255587,6.110410959,-0.13571466803408777,4.506945288501455
669308,"Reynolds, Sean","R",225,135,"40.6",-1.6281517698415202,6.473422222,0.12003717567835215,4.974653739354328
669456,"Bieber, Shane","R",166,114,"42.2",-1.5122507406606498,5.73253012,0.04536308549706853,4.318646917616993
670103,"Burgos, Raymond","L",25,137,"24.3",2.39322703746661,5.8148,0.1647439037433155,4.806526417112299
663969,"Phillips, Tyler","R",578,143,"29.2",-2.2169970158256636,5.86783737,-0.06861603769220806,4.668565173873888
680885,"Schwellenbach, Spencer","R",1887,144,"33.2",-2.2589370031130747,5.439798622,-0.5218472213484329,4.301821779895654
613534,"Adams, Austin","R",805,133,"10.7",-2.7466544962727384,5.187677019,-0.5356057264644988,4.767770259850968
642048,"Saucedo, Tayler","L",626,136,"21.9",2.585825785712797,5.266964856,0.31154467632536575,4.352500999897491
686730,"Spiers, Carson","R",1554,113,"30.2",-2.039690832429665,5.318732304,-0.07962340392340388,4.180772751074217
676604,"Zuber, Tyler","R",75,139,"35.0",-1.8080285810748793,5.1708,-0.08052023410576352,3.958924944741533
641703,"Honeywell, Brent","R",595,9999,"45.3",-1.4782671074703633,6.179798319,0.08553985679833437,4.601713831393522
595897,"Burdi, Nick","R",210,147,"23.7",-2.3360171763312003,5.42447619,-0.029513486121721392,4.410028480604362
676684,"Vest, Will","R",1143,116,"46.2",-1.510727195180127,5.549256343,-0.0032502969325804115,3.9773966426656555
681982,"Anderson, Grant","R",483,140,"-2.9",-3.181969857956979,4.157453416,-1.036778366972612,4.266337137542762
641329,"Baker, Bryan","R",369,110,"56.9",-0.9688573013952826,6.551653117,0.398230152070683,4.45074861237917
674444,"Cruz, Steven","R",82,118,"32.2",-2.3286638609418047,5.609146341,-0.3509076866223208,4.364144541541673
573204,"Thielbar, Caleb","L",884,142,"54.3",0.953024279871193,6.058631222,-0.37982660982327937,4.207859372907944
656234,"Bird, Jake","R",656,115,"20.6",-2.441565798942447,5.370960366,-0.2554122989217861,4.547932247646843
681871,"Villalobos, Eli","R",71,146,"46.9",-1.1696472097487847,6.113239437,0.36226056840149645,4.474182786020939
650556,"Abreu, Bryan","R",1270,117,"45.1",-1.6400657213600989,5.750322835,0.008255719398711515,4.089015636588212
694297,"Pfaadt, Brandon","R",2790,109,"27.7",-2.409371465538616,5.508007168,-0.3724358933739681,4.436423559184497
700270,"Diaz, Yilber","R",469,109,"42.9",-1.5350342066741258,5.688464819,0.14379481298625282,4.125259457487205
607625,"Lugo, Seth","R",3112,118,"32.6",-2.2029809826809346,5.485899743,-0.1693410549812355,4.182185503645255
623474,"Herget, Jimmy","R",189,144,"0.5",-2.954822502243351,4.935978836,-0.6333738246140205,4.910772765469823
680694,"Bradish, Kyle","R",674,110,"58.0",-0.9076092352455899,6.354985163,0.24773578338807872,4.502538497781095
666129,"Garrett, Braxton","L",588,146,"42.4",1.6996680543697102,5.817942177,-0.0025360830695914604,4.261065096038411
686826,"Jarvis, Bryce","R",1006,109,"35.8",-1.797015975757918,5.648449304,-0.07428721503421547,4.4029198384558965
681293,"Arrighetti, Spencer","R",2505,117,"24.6",-2.2408396621029776,5.059361277,-0.18381528547183712,4.116487344419886
694973,"Skenes, Paul","R",2125,134,"23.3",-2.756957058016093,5.664536471,-0.5522816388801512,4.714925331404007
641427,"Busenitz, Alan","R",75,113,"39.6",-1.6399840725032395,6.0472,0.06962772311348787,4.633581777777778
544150,"Suárez, Albert","R",2232,110,"40.0",-1.7783902146002024,6.231832437,0.023429553281071304,4.719272808812349
656529,"Hentges, Sam","L",351,114,"39.2",1.8589264883064904,6.433105413,-0.09904394447237584,4.838849302222833
663554,"Mize, Casey","R",1788,116,"43.3",-1.6622942337749878,5.647869128,-0.07558678324899203,4.152719920085173
676282,"Cantillo, Joey","L",711,114,"55.4",0.9686616458358855,5.949901547,-0.2979485905217475,4.11745230538194
672851,"Adon, Joan","R",178,120,"34.0",-1.948613282777571,5.746011236,-0.02534913176710929,4.4478596466983085
662253,"Muñoz, Andrés","R",951,136,"29.1",-1.8772175200294252,5.174984227,-0.029935473589110584,4.147179719537181
671109,"Eder, Jake","L",45,145,"34.5",2.2016471251952416,5.658444444,0.2381579897009309,4.3076228441275495
694350,"Brzykcy, Zach","R",104,120,"48.4",-1.2570911179240778,5.763365385,0.2603274355546415,4.056784461127109
671922,"Smith, Cade","R",1166,114,"37.2",-1.8982844077956968,5.744914237,0.030333961194020723,4.278840376854008
800049,"Mazur, Adam","R",584,135,"49.8",-1.209705174464158,6.07864726,0.3975609422691867,4.17470360230019
663423,"Thornton, Trent","R",1139,136,"35.0",-1.9588525719222696,5.18428446,-0.16624286142424086,3.9297969787739495
686539,"Cronin, Declan","R",1096,146,"21.8",-2.4449216732533143,5.268339416,-0.055668967367969106,4.311631818425775
621345,"Minter, A.J.","L",522,144,"42.6",1.7134681570487913,5.7298659,0.17220237756196174,4.313516341918163
694738,"Roupp, Landen","R",906,137,"26.5",-2.39960097771749,5.254359823,-0.36359555537848276,4.23925101197011
656240,"Blewett, Scott","R",319,142,"49.5",-1.2778226556272283,6.267774295,0.19789370023301422,4.535612333830655
547184,"Kelly, Michael","R",470,133,"36.3",-1.8776934320018068,6.079,-0.003187196874881482,4.703480684757459
674944,"Guenther, Sean","L",243,116,"45.0",1.662040280224375,5.58909465,0.12095743638270874,4.047903492807529
683627,"Molina, Anthony","R",1042,115,"50.7",-1.2552328637125245,6.295316699,0.17527004098795337,4.546622135291033
666159,"Manning, Matt","R",438,116,"45.5",-1.6581532150306024,5.515616438,-0.12095916192545922,3.9508779749550285
696136,"Wicks, Jordan","L",852,112,"49.7",1.5777236309794824,5.943931925,0.045962079264057314,4.135179667846658
670280,"Bednar, David","R",1023,134,"40.8",-1.6812243535655822,5.898044966,-0.042370909108333674,4.481820286442132
518617,"Diekman, Jake","L",593,121,"19.6",2.796119070113043,5.572917369,0.5130898293519469,4.757135344317093
657585,"Garrett, Reed","R",953,121,"37.3",-1.7004036261137272,5.594113326,0.0741200782592918,4.243786012741444
681402,"Varland, Gus","R",453,9999,"48.4",-1.2173987163348816,5.367019868,0.2387072021343155,3.726493174046657
628708,"Marte, Yunior","R",482,143,"33.1",-2.2955149375099415,5.551576763,-0.26409664665941834,4.226805648441948
641729,"Jiménez, Joe","R",1089,144,"31.4",-1.9965958556188101,5.654710744,-0.03633453273620995,4.458097843120883
677053,"Nardi, Andrew","L",906,146,"46.7",1.8694890263389428,5.814094923,0.28871382140454,4.13747470674804
623352,"Hader, Josh","L",1151,117,"34.0",2.109451622966334,5.70803649,0.15370403562894228,4.387063268552036
663623,"Irvin, Jake","R",3046,120,"28.5",-2.168957214195466,5.724711097,-0.10945356377493987,4.603897474523153
592454,"Kahnle, Tommy","R",728,147,"35.4",-1.8487682296595238,5.752431319,0.016813882196235135,4.4272604968560865
680573,"Woods Richardson, Simeon","R",2295,142,"46.9",-1.2869274531712966,6.42020915,0.2950366494238818,4.733629990524235
622554,"Domínguez, Seranthony","R",1050,9999,"29.5",-2.072560835385559,5.441904762,-0.09448619760631513,4.324531656395891
689958,"Walters, Andrew","R",132,114,"39.0",-1.7592377743256669,5.909621212,-0.03519311092205479,4.513560900448333
594580,"Moll, Sam","L",624,113,"16.5",2.1983613023613,5.019599359,0.08435090240641718,4.392262176630559
623465,"Phillips, Evan","R",904,119,"25.6",-2.1216807036450906,5.261139381,-0.09404226955263201,4.291960151258813
571948,"Milner, Hoby","L",1043,158,"-2.7",2.8920880370098856,4.298926174,0.6544353676919211,4.403488625383045
592155,"Booser, Cam","L",695,111,"39.2",1.8586145396444933,5.742359712,0.15342255786814413,4.355263912591847
668676,"Plesac, Zach","R",208,108,"56.6",-0.9771572816824428,6.310673077,0.2998375428493076,4.370700422922667
691951,"Aldegheri, Sam","L",222,108,"37.9",1.7480920670038733,6.032882883,0.05457302757302756,4.712860982238923
642028,"Rogers, Josh","L",170,115,"35.5",2.098679635286265,5.901705882,0.2426727891370452,4.577811783579742
694462,"Waldrep, Hurston","R",133,144,"55.7",-1.0338646411226304,6.31037594,0.3774550674815383,4.238986393791967
684320,"Rodríguez, Yariel","R",1501,141,"39.8",-1.8796699363164087,5.794810127,-0.13280196416886683,4.339241032834907
676440,"Bibee, Tanner","R",2851,114,"51.0",-1.441081468673208,6.177600842,-0.04281306790437232,4.449418399335762
571670,"Floro, Dylan","R",1018,9999,"37.4",-2.1500307527466953,6.024390963,-0.36273365368115446,4.656118883273978
673380,"Núñez, Dedniel","R",494,121,"38.8",-1.7678414573059364,5.436923077,0.0470330197666111,3.9780918514148382
672456,"Montero, Keider","R",1539,116,"43.1",-1.6209038147831618,5.834548408,0.017750412680873608,4.302410320612386
450203,"Morton, Charlie","R",2789,144,"20.8",-2.60315076232314,5.459802797,-0.26122756957080573,4.568925768057468
664854,"Helsley, Ryan","R",908,138,"59.6",-1.0310966071779888,6.116431718,0.16494794665363136,4.078287158511782
669620,"Basso, Brady","L",350,133,"56.0",1.2284809295788128,6.579,-0.09903187089381203,4.611074157626688
656814,"Ortiz, Luis F.","R",10,143,"35.9",-1.8737084788360625,6.053,0.00865077540106952,4.6874518360071304
666142,"Ragans, Cole","L",3118,118,"45.1",1.6507276514618006,6.335323926,-0.028577902901786998,4.64857138874501
676596,"Fleming, Josh","L",530,134,"27.7",2.2840273436790044,5.381754717,0.19152436484713942,4.283024157838091
608718,"Suter, Brent","L",1022,113,"55.6",1.1142917034910162,6.29055773,-0.0578017308168597,4.575350392959181
592094,"Adam, Jason","R",1109,9999,"35.0",-2.054019192321219,6.140216411,-0.08328598703847469,4.760578074464477
571578,"Corbin, Patrick","L",2888,120,"38.5",1.7949492310381978,6.250682133,-0.0634572063514401,4.770926001840555
694037,"Palencia, Daniel","R",263,112,"36.4",-1.6489423508530938,5.452813688,0.0883671841429278,4.172094695105829
669372,"Ginn, J.T.","R",515,133,"41.7",-1.8597728704655732,5.651572816,-0.1415622806015611,4.121028860391462
691172,"Zulueta, Yosver","R",286,113,"28.9",-2.2001443142323494,5.765769231,-0.11231287162035819,4.612723043890158
445926,"Chavez, Jesse","R",1043,144,"21.6",-2.1027543268096913,5.142003835,-0.16095765830432213,4.373605710337821
641582,"Foster, Matt","R",108,145,"50.2",-1.2092808807143622,6.13037037,0.12710032019541825,4.528258128672345
656458,"Gilbreath, Lucas","L",47,115,"45.8",1.4952363817426668,5.741702128,-0.1093785811810217,4.094871267114197
640455,"Manaea, Sean","L",2909,121,"22.7",2.9287942622057885,5.436675834,0.7583778163410742,4.5271958295571775
668942,"Rojas, Josh","R",7,136,"28.9",-2.2532003549337745,5.681428571,-0.2661609880315763,4.578853475935829
607237,"Garrett, Amir","L",104,108,"39.9",1.9078603595280064,6.02875,0.054263249862882224,4.478635014740162
656638,"Lange, Alex","R",377,116,"43.2",-1.5253387607941105,5.748381963,0.18997125302013734,4.137869733849655
605155,"Brewer, Colten","R",391,112,"35.3",-1.9026584511729663,6.027468031,0.03257299168911928,4.656239974515736
676105,"Criswell, Jeff","R",354,115,"33.3",-1.9432645980043302,5.429632768,0.15274498096619243,4.0554532012548234
657044,"Thompson, Ryan","R",977,109,"-5.8",-3.3646424910414336,3.794165814,-0.8818769952216483,4.04788665874836
680891,"Neely, Jack","R",98,112,"34.1",-2.185093150934261,6.121428571,-0.2640764842300556,4.818790107861326
608717,"Stratton, Chris","R",994,118,"35.1",-1.952518398197004,5.854346076,0.022813486892836524,4.46745969596545
669952,"White, Mitch","R",413,9999,"41.0",-1.7235044282308147,6.002300242,0.04459466125433227,4.467224838687403
458681,"Lynn, Lance","R",2038,138,"31.9",-2.576636910056013,5.578954858,-0.549158559823251,4.313939074474462
689981,"Ryan, River","R",295,119,"37.7",-1.8362706887087454,5.594881356,-0.036239960723888964,4.203628579413274
624522,"Thompson, Keegan","R",537,112,"37.8",-1.8072571456233746,5.821824953,-0.030387995797608015,4.4468627037712025
677955,"Hill, Jaden","R",151,115,"23.5",-2.3822224450111746,5.654834437,-0.25323638547532207,4.72717496724156
687134,"Blalock, Bradley","R",551,9999,"62.2",-0.8534214001303788,6.403756806,0.27714946038801597,4.258390229399794
664079,"Jay, Tyler","L",153,9999,"34.9",2.062595155968623,5.453071895,0.3229663317139097,4.238048894947167
607259,"Martinez, Nick","R",2122,113,"58.6",-0.8373672959795044,6.241573987,0.33658885527392307,4.316381573398786
663372,"Feltner, Ryan","R",2577,115,"42.0",-1.7236567941658814,5.536550252,-0.04595534216367609,4.025761687200016
641941,"Pagán, Emilio","R",593,113,"41.5",-1.5727130022612343,5.657403035,0.14857604103729502,4.13469148217619
656730,"Megill, Trevor","R",668,158,"54.7",-1.1810597834824412,6.602080838,0.2646625329554794,4.562165012888665
669199,"Bachar, Lake","R",161,146,"34.5",-2.0137188274455027,5.609254658,-0.060486369725755926,4.267661583131273
663465,"Allard, Kolby","L",436,143,"48.0",1.5964938541207627,5.532706422,0.11484240645799611,3.8815872522445174
666808,"Doval, Camilo","R",1116,137,"19.3",-2.2025106022542373,5.472858423,-0.014432807758163538,4.7058700859799805
543510,"McCann, James","R",2,110,"28.6",-1.871476765196328,6.14,-0.20987794117647057,5.2359720588235295
621097,"Waguespack, Jacob","R",221,139,"69.6",-0.3538027961512621,6.430769231,0.49891231317701934,4.145188691009104
663765,"Woodford, Jake","R",618,9999,"27.4",-2.5275568442047556,5.174967638,-0.48658583349197276,4.11432504283267
681882,"Selby, Colin","R",112,9999,"49.8",-1.3073644137073275,5.712410714,0.2458444375477464,3.8751310884581094
640470,"Alzolay, Adbert","R",329,112,"42.2",-1.7056115792529314,6.245775076,-0.00411301735394351,4.701458562651366
694646,"McDermott, Chayce","R",82,110,"42.3",-1.7067486272309467,5.527926829,-0.0247967099256554,3.9987970207817054
605488,"Springs, Jeffrey","L",565,139,"42.5",1.6602089952633952,5.982159292,0.0011339720473869516,4.461204646727558
669270,"Kuhnel, Joel","R",158,9999,"34.8",-2.1897443252060733,6.263164557,-0.1766485593086486,4.8614093013154625
683232,"Mears, Nick","R",1011,9999,"60.8",-0.623556130785405,6.16520277,0.4693163229431687,4.2098683294808845
667725,"Tyler, Kyle","R",579,146,"61.5",-0.5181443916343177,5.922590674,0.4502419379716087,4.140158056332912
664299,"Javier, Cristian","R",570,117,"38.4",-1.915512380416052,5.801403509,-0.03313321715608093,4.30815126528443
676661,"Lazar, Max","R",214,143,"55.7",-0.8552526920287086,5.850373832,0.42442643976877065,3.9746170152598017
676614,"Sammons, Bryan","L",374,116,"33.9",2.172287714851633,5.530454545,0.19305653888682353,4.200147065019494
664126,"Fairbanks, Pete","R",696,139,"55.5",-1.1271475398438051,6.955316092,0.31245367634253324,4.855757237051042
663941,"Beck, Tristan","R",242,137,"44.9",-1.7603249385386368,6.052190083,-0.09594287650447103,4.397256818550112
571656,"Farmer, Buck","R",1167,113,"29.7",-1.936675861410179,5.693161954,0.12909357089723786,4.512314025022643
656222,"Beeks, Jalen","L",1157,9999,"49.5",1.7218073496372885,5.985280899,0.20394768694623303,4.209234505459293
656354,"Davis, Austin","L",142,135,"24.2",2.5422808217266835,5.319929577,0.4212851547789409,4.366394462855563
656716,"McKinstry, Zach","R",12,116,"55.8",-1.3819049077178054,6.914166667,-0.21496599821746878,5.200885308972073
670102,"Francis, Bowden","R",1558,141,"40.2",-1.8601146811232712,5.917188703,-0.09745535091151643,4.426798381534897
686752,"Pepiot, Ryan","R",2148,139,"41.8",-1.6844739431351576,5.964283054,-0.03205098628413613,4.487714755673723
672582,"Zerpa, Angel","L",950,118,"31.7",1.9329751452252928,5.406315789,0.10166210554461028,4.275477963035936
700249,"Povich, Cade","L",1381,110,"40.8",1.7929954178565328,5.811354091,0.008872285834879019,4.271760473242028
657097,"Webb, Jacob","R",933,110,"32.0",-2.2504240618995426,5.534983923,-0.31218205613922434,4.325849643016126
682120,"Herrin, Tim","L",990,114,"30.9",2.3761960638626025,5.720121212,0.3704288530582113,4.517394167701973
694813,"Stone, Gavin","R",2152,119,"47.0",-1.261773651852963,5.611933086,0.2622877372290579,3.976714261533439
675540,"Curry, Xzavion","R",635,9999,"59.8",-0.8530668540846457,6.004440945,0.29431331663087573,4.036655805858495
660896,"Alcala, Jorge","R",930,142,"49.2",-1.5350057164029598,6.526204301,0.040049841488892686,4.698835027408815
660761,"Suarez, José","L",987,108,"40.2",1.8095025449487578,5.597760892,0.1615070151722841,4.201810220477623
542888,"Armstrong, Shawn","R",1109,9999,"39.9",-1.9627118985369405,5.799603246,-0.1858653498599211,4.313288856447574
668970,"Hollowell, Gavin","R",29,112,"7.7",-3.180368800143402,5.04137931,-0.7059655264613683,4.7065936935275685
606160,"Montero, Rafael","R",677,117,"34.5",-1.9291538649022388,5.089084195,-0.035627669781488555,3.7872858550752126
605400,"Nola, Aaron","R",3189,143,"20.1",-2.4011946140621245,5.024550016,-0.24431070963634471,4.236191173983199
642834,"Bermúdez, Jonathan","L",121,146,"30.5",2.040786110486701,5.197438017,0.19147192513368982,4.108029956836227
674003,"Bradford, Cody","L",1175,140,"56.6",1.0587746119575625,6.224374468,-0.270132689422384,4.206505137027346
660825,"Bazardo, Eduard","R",441,136,"44.2",-1.550881713052949,5.816780045,0.13337333458635967,4.18154935489347
605156,"Brooks, Aaron","R",403,133,"41.2",-1.8492674370128572,6.305831266,-0.09235477722783225,4.766574700884188
687765,"Spence, Mitch","R",2480,133,"47.4",-1.6672343903423559,6.205987903,-0.09307258405928356,4.494800895362551
592741,"Shreve, Chasen","L",10,115,"36.1",1.745268051926267,5.908,-0.13906353832442073,4.534378324420677
678692,"Henriquez, Ronny","R",303,142,"43.2",-1.4498771298967614,5.348745875,-0.006844629462946299,3.9917520702070197
676664,"Sears, JP","L",2856,133,"21.4",2.3110987940334904,4.639856443,0.28865699019358176,3.847992704760155
605463,"Scott, Tayler","R",1178,117,"13.2",-2.7837314949464687,4.77655348,-0.5824923124937581,4.259493113573573
663567,"Lambert, Peter","R",1039,115,"53.7",-1.1604147387975714,6.097901829,0.1867814399729617,4.264264220361341
621114,"Burr, Ryan","R",570,141,"57.5",-1.0442098807459186,6.402,0.21706496825843571,4.424119813146947
570632,"Ureña, José","R",1758,140,"31.3",-2.228260857459459,5.668714448,-0.19095539839268014,4.428397145161715
545121,"Vargas, Ildemaro","R",3,120,"33.1",-2.2271630889565452,5.593333333,-0.5695778966131907,4.509426827094474
519151,"Pressly, Ryan","R",953,117,"57.2",-1.0165171327901479,5.962497377,0.23832714347973283,4.013429325537333
657612,"Hill, Tim","L",982,9999,"-19.6",3.102259693804157,3.142362525,0.877205957139382,3.9345277872470947
657265,"Strzelecki, Peter","R",192,114,"19.9",-2.6741565243302694,4.950625,-0.6672533705622401,4.223029711638446
687330,"Kelly, Kevin","R",1032,139,"3.0",-2.7095154995990733,3.715707364,-0.6287912040203677,3.605741282006111
661269,"Gutierrez, Vladimir","R",80,146,"41.6",-1.6744778669148965,5.21675,0.11640258021390379,3.6254655759803933
621237,"Alvarado, José","L",1017,143,"65.1",0.5206819358590492,6.65460177,-0.5324393113855889,4.374738650955157
518585,"Cruz, Fernando","R",1138,113,"45.4",-1.667858134265557,6.028646749,-0.10075219863788307,4.437668922320482
805673,"Matthews, Zebby","R",715,142,"42.0",-1.8221338457328342,5.974237762,-0.23925469042543906,4.551288997544348
687924,"Aguiar, Julian","R",530,113,"28.4",-2.091328359086287,5.524207547,-0.05857864224935256,4.423243422123565
608344,"Irvin, Cole","L",1767,9999,"40.0",2.009759765310023,6.094272779,0.2358155948781735,4.605764152964779
543294,"Hendricks, Kyle","R",2134,112,"43.0",-1.833666455874699,5.987469541,-0.04584381084119766,4.321524930377706
572020,"Paxton, James","L",1708,9999,"42.3",1.92484538317952,6.051522248,0.11154186688833498,4.399527986679022
685314,"Saalfrank, Andrew","L",26,109,"48.3",1.515122054867133,6.245769231,-0.07172519539284242,4.465498035787741
670174,"Winckowski, Josh","R",1240,111,"51.0",-1.1569769240218746,6.031991935,0.26791478566499954,4.270517621327128
676106,"Hancock, Emerson","R",1013,136,"27.5",-2.099057783313883,5.568716683,-0.0629507451261937,4.5110821021902465
670990,"Ramírez, Yohan","R",768,9999,"26.4",-2.4055927729857602,5.168932292,-0.44921234414457084,4.199304927723925
668868,"Thompson, Zack","L",317,138,"55.2",1.0378936428943484,5.935962145,-0.30764332816005674,3.9978012767309385
656641,"Latz, Jacob","L",813,140,"50.6",1.1645739145611191,5.936260763,-0.2733281209095514,4.187472351691434
672782,"Gómez, Yoendrys","R",214,147,"41.6",-1.6687226195525886,5.505981308,0.10579252836223696,3.9275816336815126
573186,"Stroman, Marcus","R",2579,147,"32.5",-1.9202310426276115,5.226281504,-0.18844095156339524,4.121246778311593
676477,"Whitlock, Garrett","R",320,111,"29.5",-2.277227710200709,5.46459375,-0.30776584029634585,4.351205801581996
650911,"Sánchez, Cristopher","L",2796,143,"32.2",2.0508939527051213,6.181698856,0.07531110307824518,4.937299007016651
664192,"Lucchesi, Joey","L",179,121,"45.0",1.8208468863543947,5.961787709,0.1738329449606151,4.3127285827383295
669459,"Nelson, Kyle","L",145,109,"42.5",1.3845809623905074,5.806413793,-0.11825501444464928,4.4318737027475565
678821,"Peralta, Luis","L",181,115,"33.1",2.0151399229494835,5.320939227,0.08931289479126657,4.06525137629135
676568,"Vanasco, Ricky","R",45,9999,"51.3",-1.1430777965923384,5.697111111,0.37690441671618136,3.7919444206773614
678226,"Hernández, Daysbel","R",330,144,"40.1",-1.9680230565438899,5.794242424,-0.23665139658618248,4.333675741911093
622065,"Young, Alex","L",267,9999,"30.4",2.0005852739420344,5.931423221,-0.0005770654329147419,4.75936241229212
656232,"Bielak, Brandon","R",485,9999,"45.6",-1.6561325035700583,6.208515464,0.012547022070308915,4.503492767149972
681066,"Bush, Ky","L",328,145,"48.4",1.372885811081677,6.286402439,-0.2263464623820704,4.486914555073693
502085,"Robertson, David","R",1211,140,"44.7",-1.3893451659260605,5.821701073,0.05075309757113565,4.396749008936205
676714,"Hughes, Brandon","L",350,109,"23.4",2.217405930283121,5.386914286,0.21269044843391893,4.520414723198374
678394,"Bello, Brayan","R",2709,111,"28.2",-2.2936349513851986,5.180059062,-0.2552486608643929,4.084940255101341
642207,"Williams, Devin","R",391,158,"23.5",-2.2875671743581387,5.289130435,-0.3676329834375042,4.4575873736613945
691441,"Mena, Cristian","R",70,109,"48.2",-1.3337520324397976,6.146142857,0.13722957091927684,4.498737736185382
543135,"Eovaldi, Nathan","R",2621,140,"32.6",-2.6056144678190534,5.507264403,-0.5754545862262913,4.210155175393318
573124,"Rogers, Taylor","L",1060,137,"29.1",1.9079096388059325,5.671754717,-0.16788201232637137,4.514249885817105
656887,"Reid-Foley, Sean","R",379,121,"45.9",-1.5718554355211602,5.493166227,-0.049050509126653756,3.9199456998198667
621366,"Borucki, Ryan","L",174,134,"28.7",2.249381075349922,5.69183908,0.196440127440736,4.566039055873133
642100,"Speier, Gabe","L",422,136,"28.2",1.9564859898806677,5.331327014,0.02147453768237151,4.295291308470825
670219,"Kristofak, Zac","R",39,108,"40.6",-1.4687487872943197,5.286923077,0.03425494995200878,3.9959251999634353
518397,"Alexander, Scott","L",566,133,"36.6",1.9281472321836084,5.721413428,0.13380433838488812,4.388575156522611
663158,"Suarez, Robert","R",953,135,"45.7",-1.3814678441558854,6.224700944,0.2505435925204769,4.55026101353639
666163,"Rortvedt, Ben","R",5,139,"40.3",-1.8803802837674062,6.276,-0.13129625668449196,4.795344973262033
641726,"Jefferies, Daulton","R",281,9999,"30.9",-2.101070528792946,5.791103203,-0.3255320538438604,4.727545529081903
502043,"Gibson, Kyle","R",2763,138,"45.1",-1.6622144149004514,6.247676439,0.0013884058700307002,4.579021336053253
664208,"Maton, Phil","R",1048,9999,"31.2",-2.133554635237934,5.329675573,-0.2126981892340559,4.164968452429548
628452,"Iglesias, Raisel","R",928,144,"33.5",-2.2666526522149595,5.541045259,-0.2823312577793659,4.227578573706128
621381,"Strahm, Matt","L",952,143,"30.8",2.1714382147518783,5.391313025,0.03806376743210654,4.118092361048693
663947,"Holton, Tyler","L",1338,116,"43.2",1.719238400693832,5.89009716,0.04131163854317377,4.314947225486209
665795,"Cabrera, Edward","R",1734,146,"42.0",-1.6954773178697256,6.151972318,0.10661359827668086,4.528603850586058
622088,"Antone, Tejay","R",47,113,"30.1",-2.462267280219024,5.859574468,-0.3734393958357038,4.650820006068191
666974,"Cano, Yennier","R",1008,110,"17.6",-2.8913293232672777,5.472083333,-0.47362847514005596,4.703143853450467
607536,"Freeland, Kyle","L",1769,115,"27.3",2.1655021150039127,5.723629169,0.133707758545116,4.675910565603491
571527,"Buchanan, David","R",58,113,"53.8",-1.173899945373781,6.254482759,0.20595291351650383,4.3694549081074445
679156,"Pennington, Walter","L",329,9999,"28.7",2.5271979768533495,5.768176292,0.4367597578683309,4.625125065693588
669062,"Miller, Erik","L",1269,137,"37.1",1.9534487080830576,6.389078014,-0.00617008367642495,4.9117366353705325
608566,"Márquez, Germán","R",70,115,"40.2",-1.8614505028316588,6.022857143,-0.08444608734402852,4.518092709447417
643410,"Leiter Jr., Mark","R",1008,9999,"50.3",-1.3895920347935518,5.802847222,0.01516515832343038,4.110382076012226
663462,"Campbell, Isaiah","R",119,111,"48.2",-1.6693967991854013,6.485294118,-0.08537154915442113,4.71250031980707
605452,"Ross, Joe","R",1197,158,"34.7",-1.999836891910831,5.689206349,-0.1448931808874531,4.404681786611506
593423,"Montas, Frankie","R",2632,9999,"42.7",-1.6702669268424923,5.940531915,0.033713203937280924,4.37181050294876
641927,"Ober, Bailey","R",2692,142,"35.0",-2.1973382258598297,5.985746657,-0.1650137036720675,4.560944401382059
677865,"Bruihl, Justin","L",99,134,"39.5",1.95093425261583,5.466767677,0.3545777849799242,4.149969200921874
670766,"McCaughan, Darren","R",713,9999,"29.6",-2.15823693028108,5.259102384,-0.14872199713494996,4.11693531624303
680739,"Winder, Josh","R",141,142,"44.3",-1.6104052976308787,5.835319149,0.1562031914893617,4.107565677425061
642701,"Santana, Dennis","R",1106,9999,"32.3",-2.4010185760972984,5.741491863,-0.34262875604787385,4.440307997859674
683155,"Estes, Joey","R",2027,133,"37.3",-1.7825559734712484,5.862654169,0.03257125679441623,4.479246618071361
570257,"Rodríguez, Joely","L",249,111,"31.3",2.2008636939095862,5.522088353,0.19635342725626218,4.302855856939347
642520,"Garabito, Gerson","R",492,140,"43.7",-1.9088330753844989,5.731422764,-0.241772855346869,4.1365189873991
676979,"Crochet, Garrett","L",2367,145,"37.6",1.9859444118600635,6.100397127,0.059108583147511724,4.617481752137032
665152,"Kremer, Dean","R",2171,110,"41.0",-1.7797091577545783,6.04015661,-0.05282877273014649,4.5371157325004425
572955,"Johnson, Pierce","R",916,144,"39.2",-1.9382777214791884,6.133831878,-0.18777349564875578,4.704488011407419
622075,"Almonte, Yency","R",266,112,"39.4",-2.1396227167705586,5.831203008,-0.21944443394582722,4.253908466688112
543766,"Shaw, Bryan","R",95,145,"40.0",-1.9882462964147232,6.039894737,-0.3090840050661414,4.6310137845951775
641154,"López, Pablo","R",2985,142,"38.3",-2.1003531825457444,5.583159129,-0.21565295500079124,4.093698536682235
671212,"Boyle, Joe","R",964,133,"48.2",-1.3338687503487976,6.224294606,0.2720732863477344,4.425977984630289
675989,"Bolton, Cody","R",312,136,"32.8",-1.9578779346776753,5.403653846,0.022192690479455168,4.126448098633394
663362,"Waldron, Matt","R",2448,135,"28.6",-2.4117433917980073,5.479093137,-0.461148258682558,4.415699664464709
641482,"Cortes, Nestor","L",2849,147,"47.1",1.682274118455791,5.71963145,0.28441208170111926,4.215708523771366
672282,"Detmers, Reid","L",1557,108,"45.4",1.4723519362551265,6.140706487,-0.113610913338302,4.531944176893038
656605,"Keller, Mitch","R",2848,134,"34.7",-1.9514175314775692,5.753110955,-0.16204622598464832,4.512348614282275
674370,"Bido, Osvaldo","R",1055,133,"33.9",-2.0852033169894075,5.847554502,-0.08690994956534968,4.505703603669828
675650,"Mercado, Michael","R",260,143,"36.8",-1.8763798340845643,6.080769231,0.01978440833676128,4.659374155011657
640454,"Krook, Matt","L",27,110,"27.3",2.4520119041513513,5.852592593,0.28914449395919983,4.73314131181092
687424,"Maldonado, Anthony","R",297,146,"36.4",-1.9801076187281337,6.230909091,-0.11958146437638409,4.858504426319041
655889,"Rodríguez, Manuel","R",605,139,"46.8",-1.5535368844746882,5.540280992,-0.008615722809033449,3.897671408199643
683822,"Uwasawa, Naoyuki","R",62,111,"50.6",-1.4571805543741345,6.257580645,-0.0005924084296475393,4.480406395549422
686973,"Varland, Louie","R",901,142,"41.2",-1.9216590984999138,5.532708102,-0.23249851482112383,4.054341264607954
676395,"Garcia, Robert","L",946,120,"24.5",2.445946688104168,5.589608879,0.286191742509035,4.605416481535921
641658,"Hampson, Garrett","R",13,118,"45.3",-2.1614540804728697,6.303846154,-0.6102351707116414,4.735341443850267
642547,"Peralta, Freddy","R",3066,158,"36.9",-2.172796899421919,5.279817352,-0.389027516299172,3.9410911933598665
663485,"Sands, Cole","R",1154,142,"25.9",-2.346828611636855,5.750831889,-0.23041003237595642,4.721914213523756
681799,"Roberts, Ethan","R",474,112,"32.0",-1.7402484686070685,5.058227848,-0.07301062918838418,4.018562407582899
622766,"Díaz, Miguel","R",10,117,"37.5",-1.7883769538223289,5.848,-0.009933493761140822,4.482748921568628
502624,"Anderson, Chase","R",1016,9999,"42.9",-1.6451803502189457,5.749212598,0.027916873429758453,4.1986923460812315
687396,"Headrick, Brent","L",60,142,"35.9",2.000749338209305,6.058833333,0.03135915478312538,4.630466333927511
573262,"Yastrzemski, Mike","L",2,137,"42.0",1.8458375647015521,6.43,0.3589014705882352,5.091760294117647
682175,"Jacques, Joe","L",50,9999,"10.1",2.759085003548597,4.4728,0.4691486666666667,4.064913632798573
683769,"Gaddis, Hunter","R",1075,114,"34.2",-2.1084926308059138,6.154111628,-0.11468715881109336,4.796770656883469
571771,"Hernández, Enrique","R",3,119,"62.8",-1.1895487901709416,7.186666667,-0.10838636363636345,5.078638383838384
571760,"Heaney, Andrew","L",2729,140,"29.5",2.3249950101168784,5.027753756,0.35140994863383856,3.9099913532540493
678906,"Teng, Kai-Wei","R",204,137,"23.8",-2.471416820089965,5.489803922,-0.479119467162979,4.611303202002724
668968,"Crouse, Hans","R",437,108,"26.1",-2.1601070201214774,5.814370709,0.12773631040516892,4.693321325925835
592767,"Smyly, Drew","L",1015,112,"51.6",1.4344182351889796,6.630482759,-0.07906935978153017,4.7203231138975985
680732,"Burke, Sean","R",309,145,"41.4",-1.6074130908055981,6.095598706,0.11681024176660956,4.578093325314826
548389,"Stripling, Ross","R",1357,133,"61.3",-1.0531280907238905,6.863677229,0.07571144701600079,4.800245352283075
676391,"Clement, Ernie","R",4,141,"13.4",-2.6367327232451085,4.99,-0.6883814393939394,4.52529986631016
683068,"Penrod, Zach","L",86,111,"44.5",1.7468210027075615,6.197209302,0.11659148944990257,4.598302074783402
671096,"Abbott, Andrew","L",2333,113,"45.0",1.6470728370678152,5.862678954,0.10519578209415695,4.319956515522082
657376,"Schmidt, Clarke","R",1454,147,"35.1",-1.9219600941680652,5.640742779,0.012585028086512825,4.280150257939865
682227,"Williamson, Brandon","L",256,113,"46.0",1.5782327022582936,6.713867188,-0.14501131385082452,4.929035080701317
665620,"García, Deivi","R",282,145,"39.1",-1.884605149357996,5.439893617,-0.20887467446682087,4.0734968303181995
666205,"Muller, Kyle","L",725,133,"52.8",1.3614584068511837,6.597737931,-0.21239215108488543,4.52291223935091
661395,"Duran, Jhoan","R",881,142,"33.6",-2.0905063997988482,5.94908059,-0.06797079542166681,4.606181890514952
681517,"Leahy, Kyle","R",695,138,"46.0",-1.5361416734470736,5.836446043,0.08543056784518907,4.155368119878423
695243,"Miller, Mason","R",1024,133,"34.0",-2.162280814416071,6.05671875,-0.14260596033868086,4.69620780814812
687911,"King, Bryan","L",416,117,"37.1",1.7823449026963099,5.609375,0.058355118564034046,4.304665609145753
543056,"Coulombe, Danny","L",466,110,"58.2",0.8713863370804028,6.134399142,-0.31371296083786604,4.22505951512091
605397,"Musgrove, Joe","R",1522,135,"35.5",-2.2991047993788416,6.35521025,-0.2248244760154691,4.876473902138803
663574,"Santillan, Tony","R",504,113,"27.9",-2.029460451537222,5.467956349,-0.0077590153990889175,4.394735078551623